Seed,TrainSize,Architecture,Controller,epoch,train_mse,val_mse,val_mae,epoch_time_sec
42,1000,A: Fixed-alpha,fixed,1,0.9469051084518433,0.7953925598144531,0.7489609558105469,0.5347456000745296
42,1000,A: Fixed-alpha,fixed,2,0.7424953784942627,0.6271690414428711,0.6616996200561523,0.5003369001206011
42,1000,A: Fixed-alpha,fixed,3,0.5935537099838257,0.5096919555664062,0.5902957824707031,0.526758800027892
42,1000,A: Fixed-alpha,fixed,4,0.5020666184425354,0.4442880043029785,0.5442226608276367,0.4954998998437077
42,1000,A: Fixed-alpha,fixed,5,0.4529362211227417,0.4044343910217285,0.5182505760192871,0.49853019998408854
42,1000,A: Fixed-alpha,fixed,6,0.41618186235427856,0.3717231101989746,0.492674006652832,0.4880671000573784
42,1000,A: Fixed-alpha,fixed,7,0.3835277163982391,0.33923363189697264,0.46804372482299805,0.5202713999897242
42,1000,A: Fixed-alpha,fixed,8,0.349936865568161,0.30799423904418943,0.44354904403686524,0.49561890005134046
42,1000,A: Fixed-alpha,fixed,9,0.3174816195964813,0.2772381908416748,0.41674578094482423,0.5294260999653488
42,1000,A: Fixed-alpha,fixed,10,0.2842417938709259,0.24522412490844728,0.3867460189819336,0.5060151999350637
42,1000,A: Fixed-alpha,fixed,11,0.2503501069545746,0.211888551902771,0.3534292823791504,0.5495951999910176
42,1000,A: Fixed-alpha,fixed,12,0.21567748498916625,0.17863539390563965,0.31877028770446775,0.4936917999293655
42,1000,B: Learned Non-Fuzzy alpha,nonfuzzy,1,0.8645400323867798,0.686738703918457,0.690556932067871,0.8408105999697
42,1000,B: Learned Non-Fuzzy alpha,nonfuzzy,2,0.5765081222057342,0.41632335662841796,0.5340418609619141,0.8617837999481708
42,1000,B: Learned Non-Fuzzy alpha,nonfuzzy,3,0.32789668488502505,0.20006414527893066,0.36273957595825196,0.8428042000159621
42,1000,B: Learned Non-Fuzzy alpha,nonfuzzy,4,0.14176129823923111,0.0697042296409607,0.20249045066833496,0.8356807997915894
42,1000,B: Learned Non-Fuzzy alpha,nonfuzzy,5,0.057198836982250215,0.04863570017814636,0.16405900955200195,0.8600320999976248
42,1000,B: Learned Non-Fuzzy alpha,nonfuzzy,6,0.05420164093375206,0.050383676528930665,0.16687893981933594,0.8508164000231773
42,1000,B: Learned Non-Fuzzy alpha,nonfuzzy,7,0.04533835792541504,0.034567720937728884,0.13929290885925294,0.8424841000232846
42,1000,B: Learned Non-Fuzzy alpha,nonfuzzy,8,0.032672710835933684,0.02771426749229431,0.12565537700653076,0.8345507998019457
42,1000,B: Learned Non-Fuzzy alpha,nonfuzzy,9,0.028055125638842583,0.02448270003795624,0.11831588726043701,0.8528384000528604
42,1000,B: Learned Non-Fuzzy alpha,nonfuzzy,10,0.024043036967515946,0.020858621096611022,0.10962696685791015,0.8361923000775278
42,1000,B: Learned Non-Fuzzy alpha,nonfuzzy,11,0.02051717409491539,0.01849574580192566,0.10414512042999267,0.9303153001237661
42,1000,B: Learned Non-Fuzzy alpha,nonfuzzy,12,0.018244668886065483,0.01672110538482666,0.09983215522766113,1.4143950000870973
42,1000,C: Fuzzy Adaptive alpha,fuzzy,1,0.9440400619506836,0.7774806777954102,0.7335998870849609,2.244895099895075
42,1000,C: Fuzzy Adaptive alpha,fuzzy,2,0.7119887533187866,0.5567029205322266,0.6124127258300781,2.840099300025031
42,1000,C: Fuzzy Adaptive alpha,fuzzy,3,0.5058633770942688,0.3694286262512207,0.48634048919677736,2.6453841000329703
42,1000,C: Fuzzy Adaptive alpha,fuzzy,4,0.3335582454204559,0.23223701515197753,0.36441304702758787,2.807204500073567
42,1000,C: Fuzzy Adaptive alpha,fuzzy,5,0.22671221137046815,0.1689481237411499,0.2938623069763184,2.432887300150469
42,1000,C: Fuzzy Adaptive alpha,fuzzy,6,0.17895727932453157,0.14225787916183472,0.27105203170776365,2.646174699999392
42,1000,C: Fuzzy Adaptive alpha,fuzzy,7,0.14631132984161377,0.11136200809478759,0.2385403392791748,2.9860513999592513
42,1000,C: Fuzzy Adaptive alpha,fuzzy,8,0.1117987438440323,0.08494398598670959,0.205945548248291,2.490367300109938
42,1000,C: Fuzzy Adaptive alpha,fuzzy,9,0.08540022873878479,0.06575297870635986,0.1815116886138916,2.9640632001683116
42,1000,C: Fuzzy Adaptive alpha,fuzzy,10,0.06535127657651901,0.04990179505348206,0.1587795066833496,3.0604751999489963
42,1000,C: Fuzzy Adaptive alpha,fuzzy,11,0.04849364346265793,0.03711532545089722,0.1376510591506958,2.7642987000290304
42,1000,C: Fuzzy Adaptive alpha,fuzzy,12,0.035751900255680084,0.027812776589393615,0.1205748483657837,2.569257700117305
42,3000,A: Fixed-alpha,fixed,1,0.7482443616390229,0.5100106468200684,0.5927029113769531,1.135458700126037
42,3000,A: Fixed-alpha,fixed,2,0.4493769647280375,0.3764893882751465,0.5003746856689453,1.2116654999554157
42,3000,A: Fixed-alpha,fixed,3,0.34520663301150006,0.2855111694335937,0.42470627975463865,1.1722524999640882
42,3000,A: Fixed-alpha,fixed,4,0.25329741938908895,0.18967346229553222,0.33089025421142576,1.1658236999064684
42,3000,A: Fixed-alpha,fixed,5,0.16180018436908722,0.11356225266456604,0.24186752243041992,1.2335604999680072
42,3000,A: Fixed-alpha,fixed,6,0.10747345081965129,0.08351591234207154,0.2120869846343994,1.3155218998435885
42,3000,A: Fixed-alpha,fixed,7,0.08399159923195838,0.06651186270713806,0.19328413429260255,1.470376999815926
42,3000,A: Fixed-alpha,fixed,8,0.06693874780337015,0.053021133494377135,0.1670177293777466,1.3766338999848813
42,3000,A: Fixed-alpha,fixed,9,0.05357957388957341,0.04205180764198303,0.14981839218139648,1.2668628999963403
42,3000,A: Fixed-alpha,fixed,10,0.042328097194433215,0.03370691142082214,0.13840660877227784,1.3207651998382062
42,3000,A: Fixed-alpha,fixed,11,0.0326177205145359,0.025376379323005675,0.11657825832366943,1.305182799929753
42,3000,A: Fixed-alpha,fixed,12,0.024930476849277815,0.01967645869255066,0.10305490703582763,1.302683599991724
42,3000,B: Learned Non-Fuzzy alpha,nonfuzzy,1,0.5847005517482757,0.19998627319335938,0.362765576171875,1.8910058001056314
42,3000,B: Learned Non-Fuzzy alpha,nonfuzzy,2,0.08559178493420283,0.04904547557830811,0.1645635471343994,1.6462192002218217
42,3000,B: Learned Non-Fuzzy alpha,nonfuzzy,3,0.03692716277142366,0.024457216238975524,0.11827674598693848,1.647702000103891
42,3000,B: Learned Non-Fuzzy alpha,nonfuzzy,4,0.021233765085538227,0.016661363911628722,0.09967901420593261,1.6561870998702943
42,3000,B: Learned Non-Fuzzy alpha,nonfuzzy,5,0.015387144948045413,0.01336414201259613,0.0904645601272583,1.668178000021726
42,3000,B: Learned Non-Fuzzy alpha,nonfuzzy,6,0.013044662234683832,0.012247239351272582,0.08760600337982177,1.59695990011096
42,3000,B: Learned Non-Fuzzy alpha,nonfuzzy,7,0.012250340066850185,0.011887225341796875,0.08636153831481934,1.6795194000005722
42,3000,B: Learned Non-Fuzzy alpha,nonfuzzy,8,0.011920640354355177,0.011524681973457336,0.08534191951751709,1.532933299895376
42,3000,B: Learned Non-Fuzzy alpha,nonfuzzy,9,0.011515616695086162,0.011241565561294556,0.08469551219940186,1.6185320001095533
42,3000,B: Learned Non-Fuzzy alpha,nonfuzzy,10,0.011255500813325246,0.010964670610427857,0.08369838371276855,1.6172555999364704
42,3000,B: Learned Non-Fuzzy alpha,nonfuzzy,11,0.010982122004032134,0.01075058512687683,0.08289282321929932,1.5140857000369579
42,3000,B: Learned Non-Fuzzy alpha,nonfuzzy,12,0.010761365475753943,0.010517290592193604,0.08193457889556885,1.6662937002256513
42,3000,C: Fuzzy Adaptive alpha,fuzzy,1,0.7061708432833353,0.36988410034179686,0.48469016876220705,4.851569299818948
42,3000,C: Fuzzy Adaptive alpha,fuzzy,2,0.24038928925991057,0.14389069862365722,0.27202810516357423,4.313192100031301
42,3000,C: Fuzzy Adaptive alpha,fuzzy,3,0.11746092601617178,0.0710942973613739,0.18792422332763672,4.036121299955994
42,3000,C: Fuzzy Adaptive alpha,fuzzy,4,0.05475656021634737,0.030116717314720154,0.12431901054382324,4.049354000017047
42,3000,C: Fuzzy Adaptive alpha,fuzzy,5,0.02370459123204152,0.016101857495307924,0.09557224826812744,4.1225242000073195
42,3000,C: Fuzzy Adaptive alpha,fuzzy,6,0.015446375583608946,0.013645541715621948,0.08843410987854004,4.091069299960509
42,3000,C: Fuzzy Adaptive alpha,fuzzy,7,0.013647400585313638,0.012755800890922547,0.08717166843414306,4.2790344001259655
42,3000,C: Fuzzy Adaptive alpha,fuzzy,8,0.01269284421702226,0.012007341051101685,0.08455362930297852,4.12472809990868
42,3000,C: Fuzzy Adaptive alpha,fuzzy,9,0.01205857627093792,0.011484372162818909,0.08297297019958497,3.9951377001125365
42,3000,C: Fuzzy Adaptive alpha,fuzzy,10,0.011480174226065476,0.011059560894966125,0.08201251564025878,4.20415799994953
42,3000,C: Fuzzy Adaptive alpha,fuzzy,11,0.011125689441959062,0.010704230403900146,0.08115438556671142,4.588715299963951
42,3000,C: Fuzzy Adaptive alpha,fuzzy,12,0.010749206654727459,0.01047011547088623,0.08079403266906739,4.4356666000094265
42,5000,A: Fixed-alpha,fixed,1,0.6406248841285705,0.404378702545166,0.5171877586364746,2.713562000077218
42,5000,A: Fixed-alpha,fixed,2,0.33890483984947206,0.2451441692352295,0.3896756767272949,2.6927193999290466
42,5000,A: Fixed-alpha,fixed,3,0.18174877399802208,0.10822850375175476,0.2349647029876709,2.683304699836299
42,5000,A: Fixed-alpha,fixed,4,0.09533302598893642,0.06999743785858155,0.19200308227539062,2.6417372000869364
42,5000,A: Fixed-alpha,fixed,5,0.06504769951701164,0.04882759120464325,0.16111258907318116,2.618512000190094
42,5000,A: Fixed-alpha,fixed,6,0.044762430250644684,0.03314326989650726,0.13317022457122804,2.5584735001903027
42,5000,A: Fixed-alpha,fixed,7,0.02974598217010498,0.021852265310287475,0.10787207336425782,2.541508900001645
42,5000,A: Fixed-alpha,fixed,8,0.01979696524143219,0.015790902090072632,0.0945153507232666,2.5321943999733776
42,5000,A: Fixed-alpha,fixed,9,0.015285186854004859,0.013441296076774597,0.08826906623840332,2.5617450000718236
42,5000,A: Fixed-alpha,fixed,10,0.01352147991657257,0.012568297672271729,0.08485224971771241,2.567746700020507
42,5000,A: Fixed-alpha,fixed,11,0.012890328435599804,0.012324537789821625,0.08631124534606933,2.815029000164941
42,5000,A: Fixed-alpha,fixed,12,0.012314574353396893,0.011628206658363342,0.08310266075134277,2.699440199881792
42,5000,B: Learned Non-Fuzzy alpha,nonfuzzy,1,0.39555247193574905,0.048933916664123535,0.16555928649902343,4.3351919001434
42,5000,B: Learned Non-Fuzzy alpha,nonfuzzy,2,0.03744444800913334,0.02134193525314331,0.11076993064880371,4.320846700109541
42,5000,B: Learned Non-Fuzzy alpha,nonfuzzy,3,0.01714804512709379,0.01364618456363678,0.09135579433441163,4.298898899927735
42,5000,B: Learned Non-Fuzzy alpha,nonfuzzy,4,0.013001473687589169,0.012055448317527771,0.08710949401855468,4.234547500032932
42,5000,B: Learned Non-Fuzzy alpha,nonfuzzy,5,0.012057669147849084,0.011469163012504578,0.08525116882324218,4.09620949998498
42,5000,B: Learned Non-Fuzzy alpha,nonfuzzy,6,0.011537918750196696,0.01098842318058014,0.08352828826904297,4.07114790007472
42,5000,B: Learned Non-Fuzzy alpha,nonfuzzy,7,0.011133417215943336,0.01060294873714447,0.08227256984710693,4.20099990000017
42,5000,B: Learned Non-Fuzzy alpha,nonfuzzy,8,0.010711217653006316,0.010264345979690552,0.08115178775787353,4.0432416999246925
42,5000,B: Learned Non-Fuzzy alpha,nonfuzzy,9,0.01039012583270669,0.009952954792976379,0.07990985889434815,3.881697200005874
42,5000,B: Learned Non-Fuzzy alpha,nonfuzzy,10,0.010110090625286103,0.009808244204521178,0.07921524314880371,3.6561137998942286
42,5000,B: Learned Non-Fuzzy alpha,nonfuzzy,11,0.009899203147739172,0.00948127818107605,0.07799909439086915,3.602211100049317
42,5000,B: Learned Non-Fuzzy alpha,nonfuzzy,12,0.009669332671165466,0.009311525678634644,0.07732235260009766,3.649250000016764
42,5000,C: Fuzzy Adaptive alpha,fuzzy,1,0.529652468919754,0.16963293056488038,0.2940747802734375,6.454282199963927
42,5000,C: Fuzzy Adaptive alpha,fuzzy,2,0.11655402687191964,0.05579292435646057,0.16600697937011719,6.310852299910039
42,5000,C: Fuzzy Adaptive alpha,fuzzy,3,0.03391132751703262,0.017132726454734803,0.09776559047698975,7.7525283000431955
42,5000,C: Fuzzy Adaptive alpha,fuzzy,4,0.015283622458577156,0.01332204852104187,0.08813242664337158,9.367298300145194
42,5000,C: Fuzzy Adaptive alpha,fuzzy,5,0.013111473132669926,0.011995741152763367,0.08449227962493897,7.160524100065231
42,5000,C: Fuzzy Adaptive alpha,fuzzy,6,0.012038559497892856,0.011271461009979248,0.08256072044372559,6.503542200196534
42,5000,C: Fuzzy Adaptive alpha,fuzzy,7,0.011251678927987814,0.010695723152160644,0.0810339075088501,6.747862699907273
42,5000,C: Fuzzy Adaptive alpha,fuzzy,8,0.010758174443244934,0.010268904995918274,0.07980116920471192,6.293840000173077
42,5000,C: Fuzzy Adaptive alpha,fuzzy,9,0.010308222869038581,0.009870484900474548,0.07862273731231689,7.087262000190094
42,5000,C: Fuzzy Adaptive alpha,fuzzy,10,0.00993364858776331,0.009530692791938782,0.07745615673065186,7.552854600129649
42,5000,C: Fuzzy Adaptive alpha,fuzzy,11,0.009672271210700273,0.009273453974723816,0.07670383834838868,6.889501999830827
42,5000,C: Fuzzy Adaptive alpha,fuzzy,12,0.00941366123855114,0.009206677031517028,0.07623777751922607,6.678170599974692
42,9000,A: Fixed-alpha,fixed,1,0.5124787334865994,0.28339898109436035,0.4205993682861328,4.002227500081062
42,9000,A: Fixed-alpha,fixed,2,0.1721022927297486,0.08417581553459168,0.21204180221557617,4.134079599985853
42,9000,A: Fixed-alpha,fixed,3,0.0676277533835835,0.042726184844970705,0.15367518730163574,4.507960799848661
42,9000,A: Fixed-alpha,fixed,4,0.03333986126548714,0.020837047791481017,0.10431654148101807,4.38062519999221
42,9000,A: Fixed-alpha,fixed,5,0.017099086749884817,0.013825882613658904,0.0899071741104126,4.190455800155178
42,9000,A: Fixed-alpha,fixed,6,0.013448681919111145,0.012158623743057251,0.0843889799118042,4.087349100038409
42,9000,A: Fixed-alpha,fixed,7,0.012299732207424112,0.011409380674362183,0.0823720802307129,4.0777803000528365
42,9000,A: Fixed-alpha,fixed,8,0.011609699866837925,0.010782956790924073,0.0803293134689331,4.034249800024554
42,9000,A: Fixed-alpha,fixed,9,0.011147242362300554,0.010382332110404967,0.07944004955291747,4.057691499823704
42,9000,A: Fixed-alpha,fixed,10,0.010605863735907608,0.010041229796409607,0.07819786338806152,4.063506999984384
42,9000,A: Fixed-alpha,fixed,11,0.010257280332346757,0.009918861532211304,0.07733824100494385,4.292734799906611
42,9000,A: Fixed-alpha,fixed,12,0.010015553870134884,0.0095673593044281,0.07634095859527588,4.071799699915573
42,9000,B: Learned Non-Fuzzy alpha,nonfuzzy,1,0.23798546499676174,0.025515512132644653,0.120596484375,7.335519900079817
42,9000,B: Learned Non-Fuzzy alpha,nonfuzzy,2,0.017149889145460395,0.012375867462158203,0.08803594417572022,7.186920600011945
42,9000,B: Learned Non-Fuzzy alpha,nonfuzzy,3,0.012201124113467004,0.011217839384078979,0.08442860164642334,6.7738420001696795
42,9000,B: Learned Non-Fuzzy alpha,nonfuzzy,4,0.011267746292882495,0.010520352363586425,0.08207314758300781,6.6995173001196235
42,9000,B: Learned Non-Fuzzy alpha,nonfuzzy,5,0.010619668764372666,0.009984989762306213,0.07999429435729981,6.969861299963668
42,9000,B: Learned Non-Fuzzy alpha,nonfuzzy,6,0.010128909529083305,0.009587223935127257,0.07867600612640381,7.165817099856213
42,9000,B: Learned Non-Fuzzy alpha,nonfuzzy,7,0.009785039780868424,0.009377556133270263,0.07759537258148193,5.903156100073829
42,9000,B: Learned Non-Fuzzy alpha,nonfuzzy,8,0.00948111867159605,0.009061615562438965,0.07631338138580322,5.267952099908143
42,9000,B: Learned Non-Fuzzy alpha,nonfuzzy,9,0.00920899593250619,0.008800837564468384,0.07543155517578125,5.008218299830332
42,9000,B: Learned Non-Fuzzy alpha,nonfuzzy,10,0.009019296129958497,0.008587918210029601,0.07447903823852539,6.386725399876013
42,9000,B: Learned Non-Fuzzy alpha,nonfuzzy,11,0.008875633743074205,0.008577058982849122,0.07398638515472412,9.381983599858359
42,9000,B: Learned Non-Fuzzy alpha,nonfuzzy,12,0.00872132059559226,0.008271966648101807,0.07291022644042969,7.987066300120205
42,9000,C: Fuzzy Adaptive alpha,fuzzy,1,0.35762585090928606,0.07122043466567993,0.18773183822631836,16.380287799984217
42,9000,C: Fuzzy Adaptive alpha,fuzzy,2,0.03190674096925391,0.013942132425308227,0.08992012214660644,11.063223600154743
42,9000,C: Fuzzy Adaptive alpha,fuzzy,3,0.013266150459647179,0.011731246614456176,0.08344167861938477,10.329980900045484
42,9000,C: Fuzzy Adaptive alpha,fuzzy,4,0.011565696727898386,0.010459428477287293,0.08003928546905517,10.704389499966055
42,9000,C: Fuzzy Adaptive alpha,fuzzy,5,0.010590493768453599,0.009838367772102357,0.07876122570037841,11.367923300014809
42,9000,C: Fuzzy Adaptive alpha,fuzzy,6,0.009956984293957551,0.00923876302242279,0.07636609172821045,10.50184419983998
42,9000,C: Fuzzy Adaptive alpha,fuzzy,7,0.009470946940282981,0.008868427443504334,0.0751095775604248,12.172243000008166
42,9000,C: Fuzzy Adaptive alpha,fuzzy,8,0.009117389508419567,0.008644365763664246,0.07451134910583496,12.686133600072935
42,9000,C: Fuzzy Adaptive alpha,fuzzy,9,0.008886559208234151,0.008362938380241394,0.07324033527374267,12.14413239993155
42,9000,C: Fuzzy Adaptive alpha,fuzzy,10,0.00877119579538703,0.008184296703338622,0.0725463487625122,11.334692399948835
42,9000,C: Fuzzy Adaptive alpha,fuzzy,11,0.008483775152514379,0.008034001922607422,0.07171661205291747,10.914599500130862
42,9000,C: Fuzzy Adaptive alpha,fuzzy,12,0.008382928071750536,0.008027276062965393,0.07180583209991455,12.527911699842662
123,1000,A: Fixed-alpha,fixed,1,0.8731755838394165,0.7878353607177735,0.7408334381103515,0.7706222999840975
123,1000,A: Fixed-alpha,fixed,2,0.7208572940826417,0.6428216690063476,0.667776350402832,0.8293965999037027
123,1000,A: Fixed-alpha,fixed,3,0.5927364602088928,0.5313412216186524,0.6044407623291016,0.8145385999232531
123,1000,A: Fixed-alpha,fixed,4,0.49742057180404664,0.4607397819519043,0.5618035301208496,0.7506764000281692
123,1000,A: Fixed-alpha,fixed,5,0.43737792444229123,0.41878070220947267,0.5307714553833007,0.7436341000720859
123,1000,A: Fixed-alpha,fixed,6,0.3990879213809967,0.38566465759277346,0.5033191963195801,0.7813227998558432
123,1000,A: Fixed-alpha,fixed,7,0.362886120557785,0.34979370574951174,0.4743069984436035,0.7419992000795901
123,1000,A: Fixed-alpha,fixed,8,0.32541554617881774,0.31067621726989747,0.4428633499145508,0.7546686998102814
123,1000,A: Fixed-alpha,fixed,9,0.2870781676769257,0.26972800178527834,0.40778700103759763,0.7333043999969959
123,1000,A: Fixed-alpha,fixed,10,0.24937128901481628,0.22802805824279784,0.3681382423400879,0.7609758002217859
123,1000,A: Fixed-alpha,fixed,11,0.21067007076740266,0.1893744228363037,0.32440738105773925,0.7129472000524402
123,1000,A: Fixed-alpha,fixed,12,0.17549770605564116,0.15569557666778563,0.28702304039001464,0.7172565998043865
123,1000,B: Learned Non-Fuzzy alpha,nonfuzzy,1,0.9602711820602416,0.7833070770263671,0.7396601058959961,1.3146037000697106
123,1000,B: Learned Non-Fuzzy alpha,nonfuzzy,2,0.6761121830940247,0.5261286972045899,0.6021233474731446,1.31090799998492
123,1000,B: Learned Non-Fuzzy alpha,nonfuzzy,3,0.4341947410106659,0.3081768501281738,0.453930810546875,1.260750399902463
123,1000,B: Learned Non-Fuzzy alpha,nonfuzzy,4,0.23401361620426178,0.14390192184448242,0.2965885856628418,1.301388599909842
123,1000,B: Learned Non-Fuzzy alpha,nonfuzzy,5,0.1017019077539444,0.07000429754257202,0.18998620529174803,1.1959753001574427
123,1000,B: Learned Non-Fuzzy alpha,nonfuzzy,6,0.06287717336416244,0.06776835813522339,0.19072704887390138,1.197894599987194
123,1000,B: Learned Non-Fuzzy alpha,nonfuzzy,7,0.06058002290129662,0.05725413436889648,0.17583998908996581,1.1823265000712126
123,1000,B: Learned Non-Fuzzy alpha,nonfuzzy,8,0.04695655190944672,0.04217978973388672,0.1481694522857666,1.1945598002057523
123,1000,B: Learned Non-Fuzzy alpha,nonfuzzy,9,0.03666816283762455,0.03573378844261169,0.13622089653015138,1.2362047999631613
123,1000,B: Learned Non-Fuzzy alpha,nonfuzzy,10,0.03200408199429512,0.030442128205299377,0.12569103355407715,1.2744905999861658
123,1000,B: Learned Non-Fuzzy alpha,nonfuzzy,11,0.02709481915831566,0.02582170014381409,0.11666242866516113,1.1785085999872535
123,1000,B: Learned Non-Fuzzy alpha,nonfuzzy,12,0.023184197515249253,0.022607925987243652,0.11042777614593506,1.1519243998918682
123,1000,C: Fuzzy Adaptive alpha,fuzzy,1,0.9633380732536316,0.8322774063110352,0.7628172149658203,2.158077400177717
123,1000,C: Fuzzy Adaptive alpha,fuzzy,2,0.7374679889678956,0.6249892654418945,0.6563881973266602,2.1891770001966506
123,1000,C: Fuzzy Adaptive alpha,fuzzy,3,0.5401135227680206,0.4380547004699707,0.5442182159423828,1.9795416998676956
123,1000,C: Fuzzy Adaptive alpha,fuzzy,4,0.37034289169311524,0.2904953918457031,0.4429429138183594,2.5521333999931812
123,1000,C: Fuzzy Adaptive alpha,fuzzy,5,0.24839399647712707,0.205314546585083,0.3688698310852051,2.293169799959287
123,1000,C: Fuzzy Adaptive alpha,fuzzy,6,0.1838918308019638,0.16224862575531007,0.3203059005737305,2.0826739000622183
123,1000,C: Fuzzy Adaptive alpha,fuzzy,7,0.14249775153398514,0.12281218299865723,0.2755149284362793,2.0133799999020994
123,1000,C: Fuzzy Adaptive alpha,fuzzy,8,0.10306358420848846,0.08838868732452393,0.23482999114990236,2.056719599990174
123,1000,C: Fuzzy Adaptive alpha,fuzzy,9,0.07423983100056648,0.06513803653717042,0.20118926010131835,2.0386963998898864
123,1000,C: Fuzzy Adaptive alpha,fuzzy,10,0.054370038479566576,0.04800157785415649,0.1721924083709717,2.769572200020775
123,1000,C: Fuzzy Adaptive alpha,fuzzy,11,0.03989564174413681,0.03554012517929077,0.14799182243347167,2.300166300032288
123,1000,C: Fuzzy Adaptive alpha,fuzzy,12,0.029911938428878786,0.0272835768699646,0.12917005195617676,2.3793794000521302
123,3000,A: Fixed-alpha,fixed,1,0.7387961477438609,0.5319257736206054,0.6081657852172851,1.9653849001042545
123,3000,A: Fixed-alpha,fixed,2,0.45747039310137433,0.38739665069580076,0.5094214637756348,1.9213645001873374
123,3000,A: Fixed-alpha,fixed,3,0.3440498079856237,0.27239926109313967,0.41545935821533203,1.7081063999794424
123,3000,A: Fixed-alpha,fixed,4,0.22584368459383647,0.15869175024032592,0.2921455020904541,1.615983999799937
123,3000,A: Fixed-alpha,fixed,5,0.13747239261865615,0.10570931630134582,0.2412783084869385,1.6704155998304486
123,3000,A: Fixed-alpha,fixed,6,0.09903355465332667,0.0804446587562561,0.20954010467529297,1.998163599986583
123,3000,A: Fixed-alpha,fixed,7,0.07565931989749272,0.06089046754837036,0.1822778003692627,2.006798799848184
123,3000,A: Fixed-alpha,fixed,8,0.05748373264074325,0.046062769412994385,0.15513396911621094,1.9856329001486301
123,3000,A: Fixed-alpha,fixed,9,0.04280660763382912,0.033760851740837095,0.13798360176086424,1.9444875000044703
123,3000,A: Fixed-alpha,fixed,10,0.03101933416724205,0.024594587755203248,0.11453387145996094,1.9343475999776274
123,3000,A: Fixed-alpha,fixed,11,0.022753058224916457,0.018719996500015258,0.10158781414031982,1.9104778000619262
123,3000,A: Fixed-alpha,fixed,12,0.017790459896127382,0.015194110178947449,0.09181223125457763,1.9214492999017239
123,3000,B: Learned Non-Fuzzy alpha,nonfuzzy,1,0.7022999447186787,0.3055452495574951,0.45158180084228516,3.0315959001891315
123,3000,B: Learned Non-Fuzzy alpha,nonfuzzy,2,0.14397802445292474,0.06357909927368165,0.18517951011657716,3.0008037998341024
123,3000,B: Learned Non-Fuzzy alpha,nonfuzzy,3,0.050333499908447266,0.03459882309436798,0.13371592769622803,2.6278435999993235
123,3000,B: Learned Non-Fuzzy alpha,nonfuzzy,4,0.029071176543831824,0.021102929663658142,0.10705504417419434,2.690306199947372
123,3000,B: Learned Non-Fuzzy alpha,nonfuzzy,5,0.018833467081189156,0.015529888725280761,0.09423700180053711,2.6141921998932958
123,3000,B: Learned Non-Fuzzy alpha,nonfuzzy,6,0.015142644243935743,0.013839531207084655,0.09112923488616943,2.694562899880111
123,3000,B: Learned Non-Fuzzy alpha,nonfuzzy,7,0.014121526643633843,0.013097724461555481,0.08900071582794189,2.7385764999780804
123,3000,B: Learned Non-Fuzzy alpha,nonfuzzy,8,0.013421333499252796,0.01259077959060669,0.08760387153625489,2.6663766000419855
123,3000,B: Learned Non-Fuzzy alpha,nonfuzzy,9,0.01284147938589255,0.012097322082519532,0.08646086158752442,4.137787200044841
123,3000,B: Learned Non-Fuzzy alpha,nonfuzzy,10,0.012342148594558238,0.011590585279464721,0.08464384174346924,3.5629958000499755
123,3000,B: Learned Non-Fuzzy alpha,nonfuzzy,11,0.011855820817252,0.011222852683067322,0.08369033832550049,2.801210400182754
123,3000,B: Learned Non-Fuzzy alpha,nonfuzzy,12,0.01147531729688247,0.010930752277374268,0.08226355590820313,2.8541695999447256
123,3000,C: Fuzzy Adaptive alpha,fuzzy,1,0.7595064012209575,0.43446278533935545,0.5454263214111328,4.041022599907592
123,3000,C: Fuzzy Adaptive alpha,fuzzy,2,0.2787789034048716,0.16238410530090333,0.3258729095458984,3.465428999857977
123,3000,C: Fuzzy Adaptive alpha,fuzzy,3,0.1097838896314303,0.06628774185180664,0.20465148010253906,3.506709100212902
123,3000,C: Fuzzy Adaptive alpha,fuzzy,4,0.04286571252842744,0.027025891304016114,0.12841064529418944,3.277259999886155
123,3000,C: Fuzzy Adaptive alpha,fuzzy,5,0.020718254168828328,0.01728040313720703,0.09991140537261962,2.8303559001069516
123,3000,C: Fuzzy Adaptive alpha,fuzzy,6,0.01606281869361798,0.014848006892204285,0.09331144275665283,2.7676750000100583
123,3000,C: Fuzzy Adaptive alpha,fuzzy,7,0.014239108264446259,0.013276546549797059,0.08834935398101806,2.8946002000011504
123,3000,C: Fuzzy Adaptive alpha,fuzzy,8,0.01310813485334317,0.012293829536437989,0.08603653373718262,2.926835299935192
123,3000,C: Fuzzy Adaptive alpha,fuzzy,9,0.012212738002339999,0.011488913130760193,0.08344268951416016,3.2783981000538915
123,3000,C: Fuzzy Adaptive alpha,fuzzy,10,0.01152655461182197,0.010965719175338746,0.08180883426666259,4.41417960007675
123,3000,C: Fuzzy Adaptive alpha,fuzzy,11,0.011104299786190193,0.010530458974838256,0.08062716464996338,3.8628055998124182
123,3000,C: Fuzzy Adaptive alpha,fuzzy,12,0.010710185843209426,0.010179741263389587,0.07942846927642823,3.916528800036758
123,5000,A: Fixed-alpha,fixed,1,0.6387116219520569,0.41876517028808596,0.5322732261657714,2.2497322000563145
123,5000,A: Fixed-alpha,fixed,2,0.343949672794342,0.23033442039489746,0.36974029541015624,2.2381988998968154
123,5000,A: Fixed-alpha,fixed,3,0.16445444271564483,0.10482192645072937,0.2355680061340332,2.252491099992767
123,5000,A: Fixed-alpha,fixed,4,0.09213172429800033,0.06531167278289796,0.19338556747436522,2.2347180999349803
123,5000,A: Fixed-alpha,fixed,5,0.056963264572620395,0.03949298708438873,0.14408272438049316,2.261026600142941
123,5000,A: Fixed-alpha,fixed,6,0.03354276251196861,0.02353772666454315,0.11659464530944824,2.228609000099823
123,5000,A: Fixed-alpha,fixed,7,0.019900856792926788,0.01569295161962509,0.093062961769104,2.1353772000875324
123,5000,A: Fixed-alpha,fixed,8,0.014809602293372155,0.013890478897094726,0.09143985137939453,2.2339739999733865
123,5000,A: Fixed-alpha,fixed,9,0.013725150790065527,0.012683263003826141,0.08710367012023926,2.211979700019583
123,5000,A: Fixed-alpha,fixed,10,0.012664475835487247,0.012327961432933807,0.08587052211761474,2.1875899001024663
123,5000,A: Fixed-alpha,fixed,11,0.012115003651380539,0.0119498272895813,0.08504107913970947,2.1491954000666738
123,5000,A: Fixed-alpha,fixed,12,0.011831396670639515,0.011344767391681672,0.08360068988800048,2.2595331000629812
123,5000,B: Learned Non-Fuzzy alpha,nonfuzzy,1,0.4888616406798363,0.06935309038162231,0.18878390617370605,3.5934240000788122
123,5000,B: Learned Non-Fuzzy alpha,nonfuzzy,2,0.05190067888796329,0.029825243902206422,0.12424396171569824,3.495064200134948
123,5000,B: Learned Non-Fuzzy alpha,nonfuzzy,3,0.022048742173612117,0.01569355173110962,0.09452684917449951,3.652217699913308
123,5000,B: Learned Non-Fuzzy alpha,nonfuzzy,4,0.01474790118932724,0.013345197033882141,0.089784326171875,3.742120400071144
123,5000,B: Learned Non-Fuzzy alpha,nonfuzzy,5,0.013301593282818795,0.012461466670036316,0.08746742057800293,3.7280625000130385
123,5000,B: Learned Non-Fuzzy alpha,nonfuzzy,6,0.012392895941436291,0.011716671371459961,0.08526049003601074,3.7410185001790524
123,5000,B: Learned Non-Fuzzy alpha,nonfuzzy,7,0.011674711620807647,0.0110259428024292,0.08293351440429687,3.7445644999388605
123,5000,B: Learned Non-Fuzzy alpha,nonfuzzy,8,0.011072168921679258,0.010589700269699097,0.0814510585784912,3.7307586998213083
123,5000,B: Learned Non-Fuzzy alpha,nonfuzzy,9,0.010572781617939472,0.010111344718933105,0.07975854892730713,3.7389412000775337
123,5000,B: Learned Non-Fuzzy alpha,nonfuzzy,10,0.010211956533044577,0.009797207021713257,0.07886017456054688,3.8166367998346686
123,5000,B: Learned Non-Fuzzy alpha,nonfuzzy,11,0.009932570211589336,0.009511840152740479,0.07770371379852295,3.5929908000398427
123,5000,B: Learned Non-Fuzzy alpha,nonfuzzy,12,0.009671586061269045,0.009367259287834167,0.0770076005935669,3.6691693000029773
123,5000,C: Fuzzy Adaptive alpha,fuzzy,1,0.5765896209478378,0.20461598510742188,0.37164051208496096,5.6774131001438946
123,5000,C: Fuzzy Adaptive alpha,fuzzy,2,0.11934041119217872,0.049419987869262695,0.17448251190185546,5.7253511000890285
123,5000,C: Fuzzy Adaptive alpha,fuzzy,3,0.027585700929164885,0.01801911065578461,0.10314011096954345,5.857300800038502
123,5000,C: Fuzzy Adaptive alpha,fuzzy,4,0.01541074424982071,0.013925708675384521,0.08985321083068848,5.693092700093985
123,5000,C: Fuzzy Adaptive alpha,fuzzy,5,0.013042163121700288,0.012192464423179627,0.08573710422515869,5.85978060006164
123,5000,C: Fuzzy Adaptive alpha,fuzzy,6,0.011694944074749946,0.011052117276191712,0.0818631196975708,5.717390000121668
123,5000,C: Fuzzy Adaptive alpha,fuzzy,7,0.010844608855247498,0.010456500363349915,0.07989441394805909,5.785167400026694
123,5000,C: Fuzzy Adaptive alpha,fuzzy,8,0.010405493962392211,0.010046817541122436,0.07899102592468261,5.693500999826938
123,5000,C: Fuzzy Adaptive alpha,fuzzy,9,0.009922351840138436,0.009599638986587524,0.07732742748260497,6.424263600027189
123,5000,C: Fuzzy Adaptive alpha,fuzzy,10,0.0096909866258502,0.009409133625030517,0.07708689231872559,6.558081499999389
123,5000,C: Fuzzy Adaptive alpha,fuzzy,11,0.00938464312106371,0.00915318341255188,0.07631515922546386,6.013480999972671
123,5000,C: Fuzzy Adaptive alpha,fuzzy,12,0.009206575894355773,0.0090061527967453,0.07569690551757813,5.9098046000581235
123,9000,A: Fixed-alpha,fixed,1,0.5201906989945305,0.27755460662841797,0.41631584396362303,5.378498699981719
123,9000,A: Fixed-alpha,fixed,2,0.15964067262411116,0.07960664772987366,0.20773315811157225,4.467302999924868
123,9000,A: Fixed-alpha,fixed,3,0.06025956805878215,0.03383563365936279,0.13885594081878663,4.391298400005326
123,9000,A: Fixed-alpha,fixed,4,0.024431749004456733,0.01514628415107727,0.09266668701171875,4.455133900046349
123,9000,A: Fixed-alpha,fixed,5,0.014403695300221443,0.012707317328453064,0.08714793815612792,4.450085100019351
123,9000,A: Fixed-alpha,fixed,6,0.012689931179086367,0.011645938611030578,0.08408923416137695,4.306584300007671
123,9000,A: Fixed-alpha,fixed,7,0.01172304789059692,0.01097358556985855,0.08130763206481934,4.534057700075209
123,9000,A: Fixed-alpha,fixed,8,0.01120018101318015,0.010410936880111694,0.0798579969406128,4.651029400061816
123,9000,A: Fixed-alpha,fixed,9,0.010632156689133908,0.010390624332427979,0.07913606224060059,4.3202591999433935
123,9000,A: Fixed-alpha,fixed,10,0.010267142957283391,0.009551990461349488,0.07657547569274903,4.411597899859771
123,9000,A: Fixed-alpha,fixed,11,0.009931290095878972,0.009449304223060609,0.07625380210876465,4.275765500031412
123,9000,A: Fixed-alpha,fixed,12,0.009637949507269594,0.009037601923942566,0.07460013542175294,4.289965299889445
123,9000,B: Learned Non-Fuzzy alpha,nonfuzzy,1,0.30168236045042673,0.03399627227783203,0.13269739265441893,7.146258799824864
123,9000,B: Learned Non-Fuzzy alpha,nonfuzzy,2,0.021130076287521258,0.014162639236450196,0.09277791996002198,7.198007800150663
123,9000,B: Learned Non-Fuzzy alpha,nonfuzzy,3,0.013506043334801992,0.012064322519302367,0.08626916408538818,7.194427200127393
123,9000,B: Learned Non-Fuzzy alpha,nonfuzzy,4,0.011976488740079934,0.010956570911407471,0.08290269622802734,7.47329970006831
123,9000,B: Learned Non-Fuzzy alpha,nonfuzzy,5,0.010966974856952826,0.01009871597290039,0.07973656482696533,7.185046799946576
123,9000,B: Learned Non-Fuzzy alpha,nonfuzzy,6,0.010238330978486273,0.0095913711309433,0.07813205986022949,7.249599999981001
123,9000,B: Learned Non-Fuzzy alpha,nonfuzzy,7,0.009747288418312867,0.009123058557510376,0.07626092662811279,7.19409570004791
123,9000,B: Learned Non-Fuzzy alpha,nonfuzzy,8,0.009428482914964358,0.008902126955986023,0.07548571300506592,7.2515447998885065
123,9000,B: Learned Non-Fuzzy alpha,nonfuzzy,9,0.009159513726002641,0.008644321751594543,0.07452407684326172,7.179857400013134
123,9000,B: Learned Non-Fuzzy alpha,nonfuzzy,10,0.008920411902997229,0.008393002271652222,0.07333449687957763,7.9875336000695825
123,9000,B: Learned Non-Fuzzy alpha,nonfuzzy,11,0.008753396516872777,0.008243694162368774,0.07256084117889404,7.2153992999810725
123,9000,B: Learned Non-Fuzzy alpha,nonfuzzy,12,0.008559112645685672,0.008401806569099427,0.0734043363571167,7.878361899871379
123,9000,C: Fuzzy Adaptive alpha,fuzzy,1,0.3882110163503223,0.06649748020172119,0.20387699394226075,12.011827899841592
123,9000,C: Fuzzy Adaptive alpha,fuzzy,2,0.02795521637135082,0.015169943070411682,0.09406996955871583,12.765734399901703
123,9000,C: Fuzzy Adaptive alpha,fuzzy,3,0.013464984249737527,0.011580528593063355,0.08342176456451417,12.195373799884692
123,9000,C: Fuzzy Adaptive alpha,fuzzy,4,0.011291029680106375,0.010270703649520874,0.07927240314483643,13.148990000132471
123,9000,C: Fuzzy Adaptive alpha,fuzzy,5,0.010330821918944518,0.009530069613456727,0.07722241954803467,14.01984059996903
123,9000,C: Fuzzy Adaptive alpha,fuzzy,6,0.00978928728401661,0.009141648077964783,0.07618195114135742,12.313116000033915
123,9000,C: Fuzzy Adaptive alpha,fuzzy,7,0.009361519986556635,0.008778152680397033,0.0746052640914917,12.471963699907064
123,9000,C: Fuzzy Adaptive alpha,fuzzy,8,0.009069756965670321,0.00862240767478943,0.0743081699371338,12.030805699992925
123,9000,C: Fuzzy Adaptive alpha,fuzzy,9,0.008860277123749255,0.008437959122657776,0.07330100975036621,11.761862399987876
123,9000,C: Fuzzy Adaptive alpha,fuzzy,10,0.008729812247057756,0.008237047791481019,0.07269451885223388,12.63401069981046
123,9000,C: Fuzzy Adaptive alpha,fuzzy,11,0.008563527082817423,0.008111550188064575,0.07220939655303955,13.278803399996832
123,9000,C: Fuzzy Adaptive alpha,fuzzy,12,0.008438545902570089,0.008063420724868774,0.07207128562927247,12.018960800021887
456,1000,A: Fixed-alpha,fixed,1,0.9263768544197083,0.780986750793457,0.7407578598022461,0.8679915999528021
456,1000,A: Fixed-alpha,fixed,2,0.713068076133728,0.6092372085571289,0.6491676010131836,0.9439199999906123
456,1000,A: Fixed-alpha,fixed,3,0.5635363161563873,0.5015977714538574,0.5806718841552735,0.8289018999785185
456,1000,A: Fixed-alpha,fixed,4,0.4763727865219116,0.4478681419372559,0.5435266273498535,0.8716021000873297
456,1000,A: Fixed-alpha,fixed,5,0.4335289301872253,0.41732394409179685,0.5194443069458008,0.881111599970609
456,1000,A: Fixed-alpha,fixed,6,0.40309488677978517,0.38415642967224123,0.49695606155395505,0.7839198999572545
456,1000,A: Fixed-alpha,fixed,7,0.37010539627075195,0.35062277183532714,0.471367658996582,0.8534675999544561
456,1000,A: Fixed-alpha,fixed,8,0.3387127969264984,0.3186298004150391,0.44572508621215823,0.8691638999152929
456,1000,A: Fixed-alpha,fixed,9,0.3088090794086456,0.2865098407745361,0.41834746551513674,0.8617824998218566
456,1000,A: Fixed-alpha,fixed,10,0.27694535994529723,0.25334211654663086,0.3881767219543457,0.8253204999491572
456,1000,A: Fixed-alpha,fixed,11,0.24388412535190582,0.22041718406677246,0.3550213447570801,0.8279807998333126
456,1000,A: Fixed-alpha,fixed,12,0.21209555792808532,0.18773057441711427,0.3207574760437012,0.8556278999894857
456,1000,B: Learned Non-Fuzzy alpha,nonfuzzy,1,1.0305901079177857,0.814152359008789,0.7548910522460938,1.3559839997906238
456,1000,B: Learned Non-Fuzzy alpha,nonfuzzy,2,0.6957763619422913,0.5124481002807617,0.5958772048950195,1.3167069000191987
456,1000,B: Learned Non-Fuzzy alpha,nonfuzzy,3,0.4073443005084991,0.26500495071411134,0.4227606216430664,1.3714912000577897
456,1000,B: Learned Non-Fuzzy alpha,nonfuzzy,4,0.1862966297864914,0.09989843826293945,0.24982097015380858,1.4292808000463992
456,1000,B: Learned Non-Fuzzy alpha,nonfuzzy,5,0.07282439655065537,0.05582166094779968,0.17855882568359374,1.365738800028339
456,1000,B: Learned Non-Fuzzy alpha,nonfuzzy,6,0.05958547550439835,0.06099594593048096,0.18650186805725097,1.3823746999260038
456,1000,B: Learned Non-Fuzzy alpha,nonfuzzy,7,0.05345703423023224,0.04350016112327576,0.1577459129333496,1.33714639977552
456,1000,B: Learned Non-Fuzzy alpha,nonfuzzy,8,0.03850478136539459,0.033316291332244875,0.14046823081970214,1.309498499846086
456,1000,B: Learned Non-Fuzzy alpha,nonfuzzy,9,0.03234569902718067,0.029461818170547487,0.13268878593444824,1.3165601000655442
456,1000,B: Learned Non-Fuzzy alpha,nonfuzzy,10,0.02796874475479126,0.02475992202758789,0.12210410842895508,1.3743482001591474
456,1000,B: Learned Non-Fuzzy alpha,nonfuzzy,11,0.02347623972594738,0.021456032943725587,0.11384993629455567,1.3301321000326425
456,1000,B: Learned Non-Fuzzy alpha,nonfuzzy,12,0.020475129559636117,0.018902001881599427,0.10721028022766113,1.3369709998369217
456,1000,C: Fuzzy Adaptive alpha,fuzzy,1,1.0663741250038148,0.8531145172119141,0.7733290939331054,2.1834682000335306
456,1000,C: Fuzzy Adaptive alpha,fuzzy,2,0.7666548533439637,0.6046718780517578,0.645542658996582,2.2186060999520123
456,1000,C: Fuzzy Adaptive alpha,fuzzy,3,0.5368464350700378,0.41498823471069335,0.5158933135986328,2.8234085000585765
456,1000,C: Fuzzy Adaptive alpha,fuzzy,4,0.3696499342918396,0.3024120635986328,0.40428062438964846,2.214955999981612
456,1000,C: Fuzzy Adaptive alpha,fuzzy,5,0.28035860896110537,0.25439353885650634,0.3552862167358398,2.1709486001636833
456,1000,C: Fuzzy Adaptive alpha,fuzzy,6,0.23945248460769653,0.22240558490753173,0.3290004398345947,2.601711699971929
456,1000,C: Fuzzy Adaptive alpha,fuzzy,7,0.20592808139324187,0.18670909385681153,0.2968587032318115,2.2074174000881612
456,1000,C: Fuzzy Adaptive alpha,fuzzy,8,0.1748110865354538,0.15798786792755126,0.26790874252319336,2.1750237999949604
456,1000,C: Fuzzy Adaptive alpha,fuzzy,9,0.14847518038749694,0.13515557861328126,0.24079272842407226,3.444061200134456
456,1000,C: Fuzzy Adaptive alpha,fuzzy,10,0.12516098463535308,0.11435575771331787,0.21460416564941406,2.7216384999919683
456,1000,C: Fuzzy Adaptive alpha,fuzzy,11,0.10365382224321365,0.09471169610023498,0.19143852844238282,2.257731100078672
456,1000,C: Fuzzy Adaptive alpha,fuzzy,12,0.0849372416138649,0.07582798366546631,0.17032534904479982,2.2992143998853862
456,3000,A: Fixed-alpha,fixed,1,0.7383801385561625,0.4983929901123047,0.5834369216918945,1.687479400075972
456,3000,A: Fixed-alpha,fixed,2,0.4361151657104492,0.3805557598114014,0.49613071517944335,1.789284400176257
456,3000,A: Fixed-alpha,fixed,3,0.3348775370915731,0.2850940486907959,0.4173794151306152,1.8756234999746084
456,3000,A: Fixed-alpha,fixed,4,0.23903910259405772,0.18649971160888673,0.320242008972168,1.8476349001284689
456,3000,A: Fixed-alpha,fixed,5,0.15396438291668893,0.12320069351196289,0.25542199478149413,1.7626360999420285
456,3000,A: Fixed-alpha,fixed,6,0.11278611954053243,0.09625247712135315,0.22247438774108888,1.4973085999954492
456,3000,A: Fixed-alpha,fixed,7,0.09007801894346873,0.07810768551826477,0.20044437637329102,1.6729530999436975
456,3000,A: Fixed-alpha,fixed,8,0.07242915703852972,0.06247170133590698,0.1805028480529785,1.4675344000570476
456,3000,A: Fixed-alpha,fixed,9,0.05820032148559888,0.04991087045669556,0.16003544273376466,2.619013800052926
456,3000,A: Fixed-alpha,fixed,10,0.046395728399356205,0.03906862971782684,0.14177421684265137,1.9722361001186073
456,3000,A: Fixed-alpha,fixed,11,0.036351929411292075,0.030258571767807007,0.12666515617370605,1.8160210999194533
456,3000,A: Fixed-alpha,fixed,12,0.0279460712124904,0.024069595170021055,0.10970503578186035,1.7694224999286234
456,3000,B: Learned Non-Fuzzy alpha,nonfuzzy,1,0.7166935125986735,0.26612345390319825,0.424517919921875,3.3705241999123245
456,3000,B: Learned Non-Fuzzy alpha,nonfuzzy,2,0.10691180468599001,0.058930152797698976,0.18309879989624023,2.95334369991906
456,3000,B: Learned Non-Fuzzy alpha,nonfuzzy,3,0.041223851109544435,0.0299705717086792,0.13339906272888183,2.961405400186777
456,3000,B: Learned Non-Fuzzy alpha,nonfuzzy,4,0.02443286721408367,0.019228276014328003,0.10789568996429444,3.2699579000473022
456,3000,B: Learned Non-Fuzzy alpha,nonfuzzy,5,0.016871856686969597,0.013857338833808899,0.09234332275390625,2.9136355000082403
456,3000,B: Learned Non-Fuzzy alpha,nonfuzzy,6,0.013219885545472303,0.01156805567741394,0.0852433204650879,2.8261436000466347
456,3000,B: Learned Non-Fuzzy alpha,nonfuzzy,7,0.01187773076693217,0.01073466351032257,0.08246003131866456,2.930702499812469
456,3000,B: Learned Non-Fuzzy alpha,nonfuzzy,8,0.011338106393814086,0.010432147407531739,0.08098888034820556,2.8920992999337614
456,3000,B: Learned Non-Fuzzy alpha,nonfuzzy,9,0.011122007032235464,0.010182381105422973,0.08050346164703369,3.032207600073889
456,3000,B: Learned Non-Fuzzy alpha,nonfuzzy,10,0.010999678847690424,0.010072804403305054,0.08011319541931153,3.745651099830866
456,3000,B: Learned Non-Fuzzy alpha,nonfuzzy,11,0.010861354269087315,0.010156011319160461,0.08092244853973389,3.8899069998878986
456,3000,B: Learned Non-Fuzzy alpha,nonfuzzy,12,0.010725542974968751,0.009831593441963197,0.07927214565277099,3.2519795999396592
456,3000,C: Fuzzy Adaptive alpha,fuzzy,1,0.7911491309801737,0.4127838050842285,0.5155329437255859,4.701599499909207
456,3000,C: Fuzzy Adaptive alpha,fuzzy,2,0.2869479099114736,0.22238673839569092,0.32740054893493653,4.89114910014905
456,3000,C: Fuzzy Adaptive alpha,fuzzy,3,0.17718449840943018,0.1373157124519348,0.24142806091308594,4.750489600002766
456,3000,C: Fuzzy Adaptive alpha,fuzzy,4,0.1088677744269371,0.07871704995632171,0.17187410526275634,5.008976599900052
456,3000,C: Fuzzy Adaptive alpha,fuzzy,5,0.05718612031141917,0.03769876565933228,0.12006269359588623,4.70574690005742
456,3000,C: Fuzzy Adaptive alpha,fuzzy,6,0.028239033716420333,0.02108894875049591,0.10295128879547119,4.991504300152883
456,3000,C: Fuzzy Adaptive alpha,fuzzy,7,0.020171406914790472,0.01739897770881653,0.09764813938140869,4.655417599948123
456,3000,C: Fuzzy Adaptive alpha,fuzzy,8,0.01737006026506424,0.015300352430343628,0.09223330039978027,4.604035000083968
456,3000,C: Fuzzy Adaptive alpha,fuzzy,9,0.01563578625023365,0.01399293954372406,0.08961180629730224,4.738462500041351
456,3000,C: Fuzzy Adaptive alpha,fuzzy,10,0.014467355486005544,0.012952655434608459,0.08702149333953857,4.667095499811694
456,3000,C: Fuzzy Adaptive alpha,fuzzy,11,0.013564962342381477,0.012279539513587952,0.08546957416534424,4.805072299903259
456,3000,C: Fuzzy Adaptive alpha,fuzzy,12,0.012882558976610501,0.011691500759124757,0.0834850040435791,4.562290400033817
456,5000,A: Fixed-alpha,fixed,1,0.6311261033058166,0.41134508666992187,0.5202636367797852,2.6937794000841677
456,5000,A: Fixed-alpha,fixed,2,0.3427560072183609,0.24897623634338378,0.39280193939208985,3.5300614000298083
456,5000,A: Fixed-alpha,fixed,3,0.18621293504536152,0.12003455638885498,0.24465530586242676,3.8846666999161243
456,5000,A: Fixed-alpha,fixed,4,0.10649831275939942,0.081298131275177,0.20882438735961914,3.04924469999969
456,5000,A: Fixed-alpha,fixed,5,0.07347609299421311,0.05543137030601501,0.1688297742843628,3.8326252000406384
456,5000,A: Fixed-alpha,fixed,6,0.049264730614423755,0.03652513728141785,0.13812775382995607,2.749547899933532
456,5000,A: Fixed-alpha,fixed,7,0.032060745966434476,0.02416968574523926,0.11673367767333985,2.8347326000221074
456,5000,A: Fixed-alpha,fixed,8,0.021371238401532173,0.01717131153345108,0.09469444789886475,2.6604863998945802
456,5000,A: Fixed-alpha,fixed,9,0.01665630533397198,0.014820780611038208,0.09073408184051514,2.550566399935633
456,5000,A: Fixed-alpha,fixed,10,0.014839225400984287,0.013844581437110901,0.08936458396911622,2.5273213000036776
456,5000,A: Fixed-alpha,fixed,11,0.013923130068182946,0.013090215587615967,0.08838942432403564,2.696538800140843
456,5000,A: Fixed-alpha,fixed,12,0.013168510499596596,0.012318343007564545,0.0843134609222412,2.6811363000888377
456,5000,B: Learned Non-Fuzzy alpha,nonfuzzy,1,0.49307948042154315,0.055262610912323,0.17743309860229492,4.430692600086331
456,5000,B: Learned Non-Fuzzy alpha,nonfuzzy,2,0.04271010908186436,0.024535236263275147,0.12136019287109374,4.769781700102612
456,5000,B: Learned Non-Fuzzy alpha,nonfuzzy,3,0.018743462062627076,0.0133824294090271,0.09098638744354248,6.001471400028095
456,5000,B: Learned Non-Fuzzy alpha,nonfuzzy,4,0.01222978253364563,0.010710927295684814,0.08215542640686035,5.4070673999376595
456,5000,B: Learned Non-Fuzzy alpha,nonfuzzy,5,0.010858539156615735,0.010245233511924743,0.08077281761169433,5.334257499780506
456,5000,B: Learned Non-Fuzzy alpha,nonfuzzy,6,0.010482272327691316,0.010112432527542113,0.08057407360076904,4.055572199868038
456,5000,B: Learned Non-Fuzzy alpha,nonfuzzy,7,0.010236579355597497,0.009852642059326172,0.07942412662506103,3.3967017999384552
456,5000,B: Learned Non-Fuzzy alpha,nonfuzzy,8,0.010061799418926239,0.009602578520774842,0.07857230682373047,4.509266099892557
456,5000,B: Learned Non-Fuzzy alpha,nonfuzzy,9,0.009887778908014297,0.009344304156303405,0.07724691658020019,4.530310099944472
456,5000,B: Learned Non-Fuzzy alpha,nonfuzzy,10,0.009667401346564294,0.009206194281578064,0.07687020511627198,4.410366700030863
456,5000,B: Learned Non-Fuzzy alpha,nonfuzzy,11,0.009448298992216587,0.009027378964424133,0.07599821949005127,4.465405500028282
456,5000,B: Learned Non-Fuzzy alpha,nonfuzzy,12,0.009294789177179337,0.008921072697639466,0.0756287857055664,4.34171160007827
456,5000,C: Fuzzy Adaptive alpha,fuzzy,1,0.6078415047645569,0.2505278553009033,0.3565389419555664,6.8058055001311
456,5000,C: Fuzzy Adaptive alpha,fuzzy,2,0.18630053882598877,0.11313024659156799,0.21325251159667968,7.053428899962455
456,5000,C: Fuzzy Adaptive alpha,fuzzy,3,0.07188798846006393,0.032500542402267456,0.11653480548858643,7.189011699985713
456,5000,C: Fuzzy Adaptive alpha,fuzzy,4,0.023209456759691237,0.017649002623558046,0.09748030853271485,9.053149899933487
456,5000,C: Fuzzy Adaptive alpha,fuzzy,5,0.016868116347491743,0.014604730296134948,0.09064177551269531,6.96240200009197
456,5000,C: Fuzzy Adaptive alpha,fuzzy,6,0.014484710669517517,0.01291087191104889,0.08662451343536377,7.781220800010487
456,5000,C: Fuzzy Adaptive alpha,fuzzy,7,0.01305084754526615,0.01210502998828888,0.08547589702606201,7.710870100185275
456,5000,C: Fuzzy Adaptive alpha,fuzzy,8,0.012234665149450302,0.011261779093742371,0.08246830463409424,6.902839600108564
456,5000,C: Fuzzy Adaptive alpha,fuzzy,9,0.011380519039928913,0.01058632583618164,0.08072849254608154,7.149991000071168
456,5000,C: Fuzzy Adaptive alpha,fuzzy,10,0.010755459535121917,0.01017132580280304,0.07959119300842285,7.550583200063556
456,5000,C: Fuzzy Adaptive alpha,fuzzy,11,0.010316560423374177,0.010121734070777893,0.07946432571411133,7.708974400069565
456,5000,C: Fuzzy Adaptive alpha,fuzzy,12,0.010110910218954086,0.009413877153396607,0.07700631484985351,7.857961199944839
456,9000,A: Fixed-alpha,fixed,1,0.5185432281494141,0.28976865463256835,0.4231724937438965,5.140635499963537
456,9000,A: Fixed-alpha,fixed,2,0.18077701881859037,0.09881787981986999,0.22743244800567627,5.787651400081813
456,9000,A: Fixed-alpha,fixed,3,0.07725313200553258,0.047735206007957456,0.15894568367004394,5.724825100041926
456,9000,A: Fixed-alpha,fixed,4,0.036741816172997155,0.021798851680755616,0.10694594631195069,5.188465100014582
456,9000,A: Fixed-alpha,fixed,5,0.01857545858456029,0.01484668892621994,0.0913953706741333,4.092056700028479
456,9000,A: Fixed-alpha,fixed,6,0.01470340744488769,0.013091518759727479,0.08783678016662598,3.6114472001791
456,9000,A: Fixed-alpha,fixed,7,0.013143391407198377,0.012094339609146118,0.08515702266693115,3.5441988999955356
456,9000,A: Fixed-alpha,fixed,8,0.012145081009301874,0.01112908935546875,0.08148664665222168,3.375799900153652
456,9000,A: Fixed-alpha,fixed,9,0.01132545730099082,0.010659313821792603,0.07995127658843994,3.1379555000457913
456,9000,A: Fixed-alpha,fixed,10,0.010741498998469776,0.010004833340644836,0.07748937549591065,3.0845449999906123
456,9000,A: Fixed-alpha,fixed,11,0.010389989531702466,0.009857694566249848,0.07655519027709962,3.009387700119987
456,9000,A: Fixed-alpha,fixed,12,0.009947186493211323,0.009315398454666137,0.075295729637146,3.1115924001205713
456,9000,B: Learned Non-Fuzzy alpha,nonfuzzy,1,0.29625379476116764,0.030026852178573607,0.13335830230712892,5.720994000090286
456,9000,B: Learned Non-Fuzzy alpha,nonfuzzy,2,0.018261975256933106,0.011483795261383057,0.08529198246002197,6.348280700156465
456,9000,B: Learned Non-Fuzzy alpha,nonfuzzy,3,0.011021865459779899,0.010329192280769348,0.08156639633178711,6.247795599978417
456,9000,B: Learned Non-Fuzzy alpha,nonfuzzy,4,0.010382382190061941,0.009799904227256774,0.07926533222198487,6.3625074999872595
456,9000,B: Learned Non-Fuzzy alpha,nonfuzzy,5,0.010021546165148417,0.009415083956718445,0.07757586116790771,6.477359199896455
456,9000,B: Learned Non-Fuzzy alpha,nonfuzzy,6,0.00967150289979246,0.009109574294090272,0.07632254905700683,6.229475700063631
456,9000,B: Learned Non-Fuzzy alpha,nonfuzzy,7,0.009399415565861597,0.008886385321617127,0.07538392963409424,6.451006600167602
456,9000,B: Learned Non-Fuzzy alpha,nonfuzzy,8,0.009167546943657928,0.008669185376167298,0.07456911334991455,9.837497799890116
456,9000,B: Learned Non-Fuzzy alpha,nonfuzzy,9,0.008989900696608755,0.008579229211807251,0.07409497661590576,8.219605500111356
456,9000,B: Learned Non-Fuzzy alpha,nonfuzzy,10,0.008892984188679192,0.00848447277545929,0.07396307735443115,7.723793999990448
456,9000,B: Learned Non-Fuzzy alpha,nonfuzzy,11,0.008727679116444455,0.008257616329193116,0.07264114398956299,7.727561000036076
456,9000,B: Learned Non-Fuzzy alpha,nonfuzzy,12,0.008607101652357313,0.008144959020614625,0.07217687091827392,7.789796099998057
456,9000,C: Fuzzy Adaptive alpha,fuzzy,1,0.4256353759235806,0.1374961106300354,0.24854709777832032,12.327463299967349
456,9000,C: Fuzzy Adaptive alpha,fuzzy,2,0.0687412726804614,0.020765533947944642,0.10238388786315918,12.33563860016875
456,9000,C: Fuzzy Adaptive alpha,fuzzy,3,0.01759866538974974,0.013931382727622985,0.08910506343841552,12.295069399988279
456,9000,C: Fuzzy Adaptive alpha,fuzzy,4,0.013528149439228905,0.011757553482055663,0.08385057411193848,12.507244300097227
456,9000,C: Fuzzy Adaptive alpha,fuzzy,5,0.01178567220022281,0.01053942527770996,0.08047677307128906,12.246954699978232
456,9000,C: Fuzzy Adaptive alpha,fuzzy,6,0.01072755082613892,0.009846579837799073,0.07830500717163086,12.190966200083494
456,9000,C: Fuzzy Adaptive alpha,fuzzy,7,0.010011122488313252,0.009329119920730591,0.0766608678817749,13.457509900210425
456,9000,C: Fuzzy Adaptive alpha,fuzzy,8,0.009519682827923034,0.008958551788330079,0.07544002056121826,13.386027000145987
456,9000,C: Fuzzy Adaptive alpha,fuzzy,9,0.009190252068969939,0.008743995356559753,0.07453821926116944,12.194581600138918
456,9000,C: Fuzzy Adaptive alpha,fuzzy,10,0.008903964355587959,0.008447530484199524,0.0735121322631836,12.087818700121716
456,9000,C: Fuzzy Adaptive alpha,fuzzy,11,0.008682549135552513,0.008254203867912292,0.07273153629302978,12.43313269992359
456,9000,C: Fuzzy Adaptive alpha,fuzzy,12,0.008559272131158245,0.008205904579162598,0.07248892555236816,12.120927199954167
