regime,alpha,abs_delta,abs_error,Seed,Index
0,0.39706936478614807,0.10607229173183441,0.031090497970581055,42,0
0,0.4163280129432678,0.048761069774627686,0.04029572010040283,42,1
0,0.4302549958229065,0.07132792472839355,0.07951003313064575,42,2
0,0.4286503195762634,0.05350834131240845,0.0875818133354187,42,3
0,0.39920854568481445,0.1795024871826172,0.09020185470581055,42,4
0,0.32455408573150635,0.11241400241851807,0.0880054235458374,42,5
0,0.27733203768730164,0.032245516777038574,0.14215302467346191,42,6
0,0.30969157814979553,0.16250836849212646,0.11944723129272461,42,7
0,0.37221914529800415,0.04892730712890625,0.035206377506256104,42,8
0,0.3910442292690277,0.035459328442811966,0.0015809200704097748,42,9
0,0.4166185259819031,0.017340540885925293,0.14035844802856445,42,10
0,0.43504729866981506,0.0010907649993896484,0.08667266368865967,42,11
0,0.4258219599723816,0.12043201923370361,0.05236917734146118,42,12
0,0.3963794410228729,0.12931205332279205,0.05511103570461273,42,13
0,0.32397952675819397,0.02609395980834961,0.004315972328186035,42,14
0,0.2855997085571289,0.01902949810028076,0.07053637504577637,42,15
0,0.32789430022239685,0.048642873764038086,0.00710141658782959,42,16
0,0.3551066219806671,0.11414659023284912,0.13647186756134033,42,17
0,0.3877549469470978,0.11317196488380432,0.18037542700767517,42,18
0,0.4139600992202759,0.09410309791564941,0.0013714432716369629,42,19
0,0.43276870250701904,0.01317894458770752,0.0495150089263916,42,20
0,0.4312290847301483,0.0005640983581542969,0.02491813898086548,42,21
0,0.4025043845176697,0.12285072356462479,0.023686997592449188,42,22
0,0.32461220026016235,0.0493617057800293,0.010393500328063965,42,23
0,0.30070585012435913,0.04884672164916992,0.10988461971282959,42,24
0,0.3133902847766876,0.10663235187530518,0.05565059185028076,42,25
0,0.3581233620643616,0.07436424493789673,0.10225605964660645,42,26
0,0.38985055685043335,0.030721545219421387,0.0317101776599884,42,27
0,0.41723722219467163,0.0958395004272461,0.18938416242599487,42,28
0,0.42766568064689636,0.08499479293823242,0.15337932109832764,42,29
0,0.42759689688682556,0.057460010051727295,0.013444185256958008,42,30
0,0.4110242426395416,0.1197090595960617,0.07645170390605927,42,31
0,0.34930676221847534,0.17460507154464722,0.08249783515930176,42,32
0,0.30085697770118713,0.09717929363250732,0.1492842435836792,42,33
0,0.3053451180458069,0.145896315574646,0.1020810604095459,42,34
0,0.3445029854774475,0.1297261118888855,0.12408459186553955,42,35
0,0.3946903944015503,0.09060630202293396,0.043093688786029816,42,36
0,0.4141724109649658,0.03277146816253662,0.07243692874908447,42,37
0,0.43076106905937195,0.05422431230545044,0.12761855125427246,42,38
0,0.4345659911632538,0.048528313636779785,0.0087965726852417,42,39
0,0.4112904965877533,0.04526761174201965,0.02776193618774414,42,40
0,0.3596802353858948,0.11048024892807007,0.02011936902999878,42,41
0,0.29052457213401794,0.02437746524810791,0.09627377986907959,42,42
0,0.2973029613494873,0.02451944351196289,0.09070074558258057,42,43
0,0.3400476276874542,0.029574275016784668,0.023882389068603516,42,44
0,0.38786929845809937,0.020142674446105957,0.02621665596961975,42,45
0,0.4146363139152527,0.03757351636886597,0.1212625503540039,42,46
0,0.42219141125679016,0.014700114727020264,0.01936960220336914,42,47
0,0.43455496430397034,0.10689342021942139,0.10107839107513428,42,48
0,0.4229338765144348,0.07493990659713745,0.021838784217834473,42,49
0,0.3580835163593292,0.14385449886322021,0.0803980827331543,42,50
0,0.29997700452804565,0.06732070446014404,0.00675809383392334,42,51
0,0.31967419385910034,0.04466259479522705,0.0676112174987793,42,52
0,0.34634608030319214,0.07005447149276733,0.03346484899520874,42,53
0,0.378998339176178,0.05576275289058685,0.003895968198776245,42,54
0,0.4101748466491699,0.08828866481781006,0.0571918785572052,42,55
0,0.42323756217956543,0.11482137441635132,0.09334403276443481,42,56
0,0.4310680031776428,0.054404377937316895,0.012518882751464844,42,57
0,0.4260703921318054,0.10356009006500244,0.05727916955947876,42,58
1,0.33372101187705994,0.021226048469543457,0.07671236991882324,42,59
1,0.414164662361145,0.21348100900650024,0.015773773193359375,42,60
1,0.4776005148887634,0.042353153228759766,0.15084302425384521,42,61
1,0.3474781811237335,0.14507722854614258,0.0722651481628418,42,62
1,0.40706026554107666,0.2294880449771881,0.06979840993881226,42,63
1,0.4742954671382904,0.19507241249084473,0.21826791763305664,42,64
1,0.3647295832633972,0.2755848169326782,0.014207124710083008,42,65
1,0.3954733610153198,0.10279503464698792,0.028356894850730896,42,66
1,0.46986058354377747,0.10372161865234375,0.0709763765335083,42,67
1,0.41647234559059143,0.48542696237564087,0.04413524270057678,42,68
1,0.38657262921333313,0.24512100219726562,0.12662483751773834,42,69
1,0.4595789611339569,0.04443621635437012,0.0016033649444580078,42,70
1,0.4211569130420685,0.4802948832511902,0.10943371057510376,42,71
1,0.37061282992362976,0.19325219094753265,0.07608236372470856,42,72
1,0.44789570569992065,0.15209448337554932,0.041431427001953125,42,73
1,0.44883793592453003,0.2633540630340576,0.02036416530609131,42,74
1,0.35320472717285156,0.15557366609573364,0.10429120063781738,42,75
1,0.437775194644928,0.18998372554779053,0.06810927391052246,42,76
1,0.4668634235858917,0.21364867687225342,0.07651662826538086,42,77
1,0.3441738784313202,0.13881802558898926,0.0978020429611206,42,78
1,0.43673449754714966,0.11585783958435059,0.011860132217407227,42,79
1,0.4797206521034241,0.08198201656341553,0.10798251628875732,42,80
1,0.3383769094944,0.03627574443817139,0.01793968677520752,42,81
1,0.4206364154815674,0.1502131223678589,0.013251841068267822,42,82
1,0.4683569669723511,0.003437042236328125,0.08851015567779541,42,83
1,0.32900699973106384,0.10699057579040527,0.15641379356384277,42,84
1,0.41842570900917053,0.10864335298538208,0.05359584093093872,42,85
1,0.4791111350059509,0.14885258674621582,0.2263660430908203,42,86
1,0.3614216446876526,0.16039615869522095,0.11024618148803711,42,87
1,0.4081438183784485,0.2255021035671234,0.1337088942527771,42,88
1,0.47036293148994446,0.038001179695129395,0.05003154277801514,42,89
1,0.35045307874679565,0.20730721950531006,0.04615187644958496,42,90
1,0.39329010248184204,0.07463335990905762,0.12846973538398743,42,91
1,0.46352365612983704,0.1241525411605835,0.11970257759094238,42,92
1,0.41680896282196045,0.5135746002197266,0.10962574183940887,42,93
1,0.38162922859191895,0.12034869939088821,0.03443383425474167,42,94
1,0.4537152349948883,0.17579436302185059,0.08990097045898438,42,95
1,0.44122058153152466,0.4002133011817932,0.14640969038009644,42,96
1,0.3749709725379944,0.20378780364990234,0.11220195889472961,42,97
1,0.44949865341186523,0.1128687858581543,0.0003323554992675781,42,98
1,0.45505717396736145,0.45685696601867676,0.28099822998046875,42,99
1,0.3583979308605194,0.06185197830200195,0.015745460987091064,42,100
1,0.4382489323616028,0.21596205234527588,0.13718187808990479,42,101
1,0.4757393002510071,0.1607152223587036,0.055344343185424805,42,102
1,0.35252848267555237,0.03759044408798218,0.01574784517288208,42,103
1,0.434462308883667,0.055078864097595215,0.06629073619842529,42,104
1,0.45882144570350647,0.10848915576934814,0.02387857437133789,42,105
1,0.33021557331085205,0.1530415415763855,0.13001102209091187,42,106
1,0.4232155680656433,0.14250624179840088,0.03674888610839844,42,107
1,0.472067654132843,0.06512904167175293,0.008908510208129883,42,108
1,0.32953545451164246,0.03232693672180176,0.12572920322418213,42,109
1,0.4088296890258789,0.07501310110092163,0.11817926168441772,42,110
1,0.4702250063419342,0.05364799499511719,0.03509044647216797,42,111
1,0.35885220766067505,0.20006251335144043,0.017287731170654297,42,112
1,0.40067777037620544,0.2637803554534912,0.09614741802215576,42,113
1,0.4736330211162567,0.013379335403442383,0.049819111824035645,42,114
1,0.39860042929649353,0.34105750918388367,0.08573919534683228,42,115
1,0.3916791081428528,0.06654351949691772,0.016239941120147705,42,116
1,0.4673241376876831,0.14255082607269287,0.1214836835861206,42,117
1,0.43031853437423706,0.43186357617378235,0.02548293024301529,42,118
1,0.38164207339286804,0.12341803312301636,0.03188319504261017,42,119
1,0.45461443066596985,0.07219302654266357,0.11724996566772461,42,120
1,0.43273335695266724,0.5244867205619812,0.16336242854595184,42,121
1,0.3738236129283905,0.1664174497127533,0.073294997215271,42,122
2,0.38484516739845276,0.1647532433271408,0.1548502892255783,42,123
2,0.4146622121334076,0.061743319034576416,0.15955018997192383,42,124
2,0.4097345471382141,0.09311912953853607,0.04115454852581024,42,125
2,0.34038394689559937,0.06657624244689941,0.016408681869506836,42,126
2,0.3408363163471222,0.029171109199523926,0.001010119915008545,42,127
2,0.38530468940734863,0.018671497702598572,0.06224958598613739,42,128
2,0.40589088201522827,0.08711984753608704,0.14979252219200134,42,129
2,0.40817874670028687,0.0345914363861084,0.08997577428817749,42,130
2,0.35553303360939026,0.12855243682861328,0.06239724159240723,42,131
2,0.3252626359462738,0.09411942958831787,0.05985414981842041,42,132
2,0.36614474654197693,0.12038561701774597,0.079938143491745,42,133
2,0.40016454458236694,0.1551162749528885,0.17321598529815674,42,134
2,0.4155721962451935,0.09006127715110779,0.09037843346595764,42,135
2,0.3853732645511627,0.22218051552772522,0.10330832004547119,42,136
2,0.31927981972694397,0.0612339973449707,0.03973126411437988,42,137
2,0.3551848530769348,0.09116941690444946,0.07342827320098877,42,138
2,0.3962481617927551,0.15930721163749695,0.1253226101398468,42,139
2,0.41123318672180176,0.03808215260505676,0.029722988605499268,42,140
2,0.3884430527687073,0.060795679688453674,0.14527912437915802,42,141
2,0.33859139680862427,0.042669713497161865,0.03037053346633911,42,142
2,0.34082406759262085,0.051976799964904785,0.07751911878585815,42,143
2,0.3890587091445923,0.014066733419895172,0.04602695256471634,42,144
2,0.4117203950881958,0.08189448714256287,0.1299721598625183,42,145
2,0.4095109701156616,0.015004947781562805,0.08007559180259705,42,146
2,0.3454727828502655,0.024201035499572754,0.042571187019348145,42,147
2,0.3291015625,0.08892202377319336,0.06391024589538574,42,148
2,0.37897124886512756,0.08601218461990356,0.08752515912055969,42,149
2,0.40721046924591064,0.12430894374847412,0.16255056858062744,42,150
2,0.41149237751960754,0.05325326323509216,0.059559643268585205,42,151
2,0.3740761876106262,0.0653458833694458,0.04203289747238159,42,152
2,0.3320075571537018,0.007135868072509766,0.03514683246612549,42,153
2,0.3669824004173279,0.022834599018096924,0.014597594738006592,42,154
2,0.4033728539943695,0.09219862520694733,0.06600554287433624,42,155
2,0.40608102083206177,0.06149211525917053,0.1015520691871643,42,156
2,0.38765549659729004,0.1871018260717392,0.12087517976760864,42,157
2,0.32636338472366333,0.014821887016296387,0.019111275672912598,42,158
2,0.3542748689651489,0.05582517385482788,0.0404508113861084,42,159
2,0.39916956424713135,0.06357251107692719,0.0049690306186676025,42,160
2,0.4111390709877014,0.044789642095565796,0.08397459983825684,42,161
2,0.3979262113571167,0.17932067811489105,0.10667790472507477,42,162
2,0.3272693455219269,0.12528455257415771,0.10625040531158447,42,163
2,0.34514570236206055,0.11138498783111572,0.08838409185409546,42,164
2,0.3864898681640625,0.12863050401210785,0.08528158068656921,42,165
2,0.4065432846546173,0.1699177324771881,0.12024760246276855,42,166
2,0.4010544419288635,0.03859557956457138,0.07425442337989807,42,167
2,0.34262093901634216,0.041634976863861084,0.027021288871765137,42,168
2,0.33221670985221863,0.0360640287399292,0.05110359191894531,42,169
2,0.3734065890312195,0.010021597146987915,0.05133974552154541,42,170
2,0.40748274326324463,0.07671788334846497,0.04736265540122986,42,171
2,0.4140568971633911,0.04884982109069824,0.0360836386680603,42,172
2,0.3686251640319824,0.15213912725448608,0.09083378314971924,42,173
2,0.31810611486434937,0.022228479385375977,0.008826613426208496,42,174
2,0.3602517545223236,0.08339798450469971,0.06882184743881226,42,175
2,0.4001099467277527,0.10527792572975159,0.0327296108007431,42,176
2,0.41579848527908325,0.037842750549316406,0.08472669124603271,42,177
2,0.3917621374130249,0.08497020602226257,0.062367260456085205,42,178
2,0.32448118925094604,0.1138225793838501,0.13403260707855225,42,179
2,0.34759917855262756,0.1469932198524475,0.14812695980072021,42,180
2,0.38698381185531616,0.17301350831985474,0.08267542719841003,42,181
2,0.4116884469985962,0.1150953471660614,0.1824057400226593,42,182
2,0.39666301012039185,0.0356890894472599,0.006259281188249588,42,183
2,0.3443482518196106,0.055321455001831055,0.024205923080444336,42,184
2,0.34894418716430664,0.05296748876571655,0.05450546741485596,42,185
2,0.3851766586303711,0.0800621509552002,0.10709597170352936,42,186
0,0.32971662282943726,0.1500157117843628,0.1295076608657837,42,187
0,0.2945460379123688,0.12433910369873047,0.05226457118988037,42,188
0,0.3223952054977417,0.06352567672729492,0.09062516689300537,42,189
0,0.3632955551147461,0.0376051664352417,0.04793328046798706,42,190
0,0.3974112868309021,0.015145011246204376,0.0020628422498703003,42,191
0,0.4195405840873718,0.0017625093460083008,0.0073677897453308105,42,192
0,0.4379609525203705,0.040659427642822266,0.023680686950683594,42,193
0,0.43277931213378906,0.06463271379470825,0.0939488410949707,42,194
0,0.4023129940032959,0.07085689902305603,0.030576204881072044,42,195
0,0.32549619674682617,0.15500521659851074,0.13346576690673828,42,196
0,0.2932392656803131,0.04503130912780762,0.029436588287353516,42,197
0,0.3233502507209778,0.03381538391113281,0.01610088348388672,42,198
0,0.3676254153251648,0.07559388875961304,0.013998180627822876,42,199
0,0.46544313430786133,0.10607229173183441,0.018185585737228394,123,0
0,0.4910120368003845,0.048761069774627686,0.0506511926651001,123,1
0,0.5028595924377441,0.07132792472839355,0.08263552188873291,123,2
0,0.5013883113861084,0.05350834131240845,0.08596932888031006,123,3
0,0.46110519766807556,0.1795024871826172,0.08794847875833511,123,4
0,0.37002623081207275,0.11241400241851807,0.08404803276062012,123,5
0,0.34120094776153564,0.032245516777038574,0.14020788669586182,123,6
0,0.3590390384197235,0.16250836849212646,0.10879051685333252,123,7
0,0.4190996587276459,0.04892730712890625,0.04530048370361328,123,8
0,0.45094260573387146,0.035459328442811966,0.008593063801527023,123,9
0,0.49172618985176086,0.017340540885925293,0.1514660120010376,123,10
0,0.5052706003189087,0.0010907649993896484,0.09353423118591309,123,11
0,0.49842357635498047,0.12043201923370361,0.04982882738113403,123,12
0,0.45736163854599,0.12931205332279205,0.054296232759952545,123,13
0,0.36967238783836365,0.02609395980834961,0.009067177772521973,123,14
0,0.3445497751235962,0.01902949810028076,0.07730519771575928,123,15
0,0.3728135824203491,0.048642873764038086,0.0098799467086792,123,16
0,0.3984745144844055,0.11414659023284912,0.1296546459197998,123,17
0,0.440164715051651,0.11317196488380432,0.17557144165039062,123,18
0,0.4883020222187042,0.09410309791564941,0.012741386890411377,123,19
0,0.5044654607772827,0.01317894458770752,0.05673682689666748,123,20
0,0.5034923553466797,0.0005640983581542969,0.028236210346221924,123,21
0,0.4597885310649872,0.12285072356462479,0.02573946863412857,123,22
0,0.37014544010162354,0.0493617057800293,0.0058634281158447266,123,23
0,0.3531930446624756,0.04884672164916992,0.11712014675140381,123,24
0,0.3620781898498535,0.10663235187530518,0.04102778434753418,123,25
0,0.40147581696510315,0.07436424493789673,0.09287214279174805,123,26
0,0.4450146555900574,0.030721545219421387,0.024203792214393616,123,27
0,0.4921692907810211,0.0958395004272461,0.20001858472824097,123,28
0,0.5012434720993042,0.08499479293823242,0.16158431768417358,123,29
0,0.5011910200119019,0.057460010051727295,0.007919132709503174,123,30
0,0.4788967967033386,0.1197090595960617,0.07535569369792938,123,31
0,0.3904586434364319,0.17460507154464722,0.08490955829620361,123,32
0,0.35363224148750305,0.09717929363250732,0.14951705932617188,123,33
0,0.3565691113471985,0.145896315574646,0.09608793258666992,123,34
0,0.38785529136657715,0.1297261118888855,0.1159142255783081,123,35
0,0.456165611743927,0.09060630202293396,0.03396251052618027,123,36
0,0.4862423241138458,0.03277146816253662,0.07736486196517944,123,37
0,0.5032849907875061,0.05422431230545044,0.13484692573547363,123,38
0,0.5053191184997559,0.048528313636779785,0.014731168746948242,123,39
0,0.4825151562690735,0.04526761174201965,0.028056353330612183,123,40
0,0.40289780497550964,0.11048024892807007,0.02001368999481201,123,41
0,0.3487860858440399,0.02437746524810791,0.08829712867736816,123,42
0,0.35088402032852173,0.02451944351196289,0.10164511203765869,123,43
0,0.3829977512359619,0.029574275016784668,0.03389120101928711,123,44
0,0.4459679424762726,0.020142674446105957,0.03566945344209671,123,45
0,0.4878738820552826,0.03757351636886597,0.1291295289993286,123,46
0,0.4957531988620758,0.014700114727020264,0.01709645986557007,123,47
0,0.5055155754089355,0.10689342021942139,0.09602689743041992,123,48
0,0.4934113025665283,0.07493990659713745,0.02746593952178955,123,49
0,0.4010034203529358,0.14385449886322021,0.08001989126205444,123,50
0,0.3544832468032837,0.06732070446014404,0.00766301155090332,123,51
0,0.3666406273841858,0.04466259479522705,0.07512187957763672,123,52
0,0.3900524973869324,0.07005447149276733,0.02286595106124878,123,53
0,0.43365299701690674,0.05576275289058685,0.012944117188453674,123,54
0,0.48082801699638367,0.08828866481781006,0.0534176230430603,123,55
0,0.49672749638557434,0.11482137441635132,0.09231901168823242,123,56
0,0.5034248232841492,0.054404377937316895,0.019672274589538574,123,57
0,0.49811094999313354,0.10356009006500244,0.05562150478363037,123,58
1,0.37776631116867065,0.021226048469543457,0.0821843147277832,123,59
1,0.48978862166404724,0.21348100900650024,0.005423128604888916,123,60
1,0.5074509382247925,0.042353153228759766,0.1279289722442627,123,61
1,0.386296808719635,0.14507722854614258,0.06643235683441162,123,62
1,0.4799176752567291,0.2294880449771881,0.05351841449737549,123,63
1,0.5073960423469543,0.19507241249084473,0.20320594310760498,123,64
1,0.40153664350509644,0.2755848169326782,0.0013245344161987305,123,65
1,0.46229296922683716,0.10279503464698792,0.04142187535762787,123,66
1,0.5056576132774353,0.10372161865234375,0.0642862319946289,123,67
1,0.46677279472351074,0.48542696237564087,0.05651658773422241,123,68
1,0.4465230405330658,0.24512100219726562,0.11600977927446365,123,69
1,0.5094010233879089,0.04443621635437012,0.00924980640411377,123,70
1,0.47897106409072876,0.4802948832511902,0.11068927496671677,123,71
1,0.4234759211540222,0.19325219094753265,0.06764568388462067,123,72
1,0.5081866979598999,0.15209448337554932,0.030394911766052246,123,73
1,0.5116521120071411,0.2633540630340576,0.009062051773071289,123,74
1,0.3981621265411377,0.15557366609573364,0.1053915023803711,123,75
1,0.5057884454727173,0.18998372554779053,0.05632364749908447,123,76
1,0.5108535289764404,0.21364867687225342,0.09771394729614258,123,77
1,0.38774633407592773,0.13881802558898926,0.10016024112701416,123,78
1,0.5056583285331726,0.11585783958435059,0.023313045501708984,123,79
1,0.5082300305366516,0.08198201656341553,0.07534444332122803,123,80
1,0.38233959674835205,0.03627574443817139,0.026178359985351562,123,81
1,0.49585792422294617,0.1502131223678589,0.02918100357055664,123,82
1,0.5095375180244446,0.003437042236328125,0.07056725025177002,123,83
1,0.37369340658187866,0.10699057579040527,0.16558611392974854,123,84
1,0.4933406114578247,0.10864335298538208,0.06890267133712769,123,85
1,0.506699800491333,0.14885258674621582,0.20724940299987793,123,86
1,0.3996432423591614,0.16039615869522095,0.10149240493774414,123,87
1,0.4795290529727936,0.2255021035671234,0.1252778172492981,123,88
1,0.5073462128639221,0.038001179695129395,0.03744959831237793,123,89
1,0.38806581497192383,0.20730721950531006,0.03373229503631592,123,90
1,0.4620906114578247,0.07463335990905762,0.14980804920196533,123,91
1,0.508887767791748,0.1241525411605835,0.10711956024169922,123,92
1,0.47052913904190063,0.5135746002197266,0.11724945902824402,123,93
1,0.441561222076416,0.12034869939088821,0.04749494045972824,123,94
1,0.5079572200775146,0.17579436302185059,0.08067047595977783,123,95
1,0.5084137916564941,0.4002133011817932,0.15283125638961792,123,96
1,0.42830440402030945,0.20378780364990234,0.1070372462272644,123,97
1,0.5076282024383545,0.1128687858581543,0.009856820106506348,123,98
1,0.5124942660331726,0.45685696601867676,0.2959284782409668,123,99
1,0.4035166800022125,0.06185197830200195,0.015578627586364746,123,100
1,0.5070099830627441,0.21596205234527588,0.1265869140625,123,101
1,0.5071236491203308,0.1607152223587036,0.07368671894073486,123,102
1,0.3966726064682007,0.03759044408798218,0.020549893379211426,123,103
1,0.5052851438522339,0.055078864097595215,0.07676863670349121,123,104
1,0.5122596025466919,0.10848915576934814,0.007528185844421387,123,105
1,0.3747636079788208,0.1530415415763855,0.13550609350204468,123,106
1,0.4979676902294159,0.14250624179840088,0.05440032482147217,123,107
1,0.508657693862915,0.06512904167175293,0.009365320205688477,123,108
1,0.37368065118789673,0.03232693672180176,0.13353168964385986,123,109
1,0.48405107855796814,0.07501310110092163,0.1400044560432434,123,110
1,0.5072855353355408,0.05364799499511719,0.04741930961608887,123,111
1,0.39907681941986084,0.20006251335144043,0.014643311500549316,123,112
1,0.47132259607315063,0.2637803554534912,0.07775464653968811,123,113
1,0.5078878998756409,0.013379335403442383,0.03234076499938965,123,114
1,0.4416002333164215,0.34105750918388367,0.06849014759063721,123,115
1,0.4538854658603668,0.06654351949691772,0.023842446506023407,123,116
1,0.5085291266441345,0.14255082607269287,0.10893070697784424,123,117
1,0.49186110496520996,0.43186357617378235,0.0268624946475029,123,118
1,0.43703126907348633,0.12341803312301636,0.023839831352233887,123,119
1,0.5089918375015259,0.07219302654266357,0.12843811511993408,123,120
1,0.496518075466156,0.5244867205619812,0.16336651146411896,123,121
1,0.42613646388053894,0.1664174497127533,0.06632515788078308,123,122
2,0.4410771429538727,0.1647532433271408,0.15036043524742126,123,123
2,0.4893260896205902,0.061743319034576416,0.17023110389709473,123,124
2,0.47612735629081726,0.09311912953853607,0.03906761109828949,123,125
2,0.3824508488178253,0.06657624244689941,0.01650524139404297,123,126
2,0.38470321893692017,0.029171109199523926,0.00808781385421753,123,127
2,0.44105303287506104,0.018671497702598572,0.07212784886360168,123,128
2,0.4787141680717468,0.08711984753608704,0.16190364956855774,123,129
2,0.47454795241355896,0.0345914363861084,0.09132659435272217,123,130
2,0.3965000808238983,0.12855243682861328,0.06517231464385986,123,131
2,0.370588481426239,0.09411942958831787,0.054816484451293945,123,132
2,0.41570213437080383,0.12038561701774597,0.07146966457366943,123,133
2,0.46155762672424316,0.1551162749528885,0.16850411891937256,123,134
2,0.4875441789627075,0.09006127715110779,0.09079942107200623,123,135
2,0.43541771173477173,0.22218051552772522,0.10338220000267029,123,136
2,0.36612510681152344,0.0612339973449707,0.040021419525146484,123,137
2,0.39924120903015137,0.09116941690444946,0.06383258104324341,123,138
2,0.4598931074142456,0.15930721163749695,0.11853742599487305,123,139
2,0.4846644103527069,0.03808215260505676,0.03880101442337036,123,140
2,0.441908061504364,0.060795679688453674,0.14581631124019623,123,141
2,0.38223516941070557,0.042669713497161865,0.028607189655303955,123,142
2,0.38473090529441833,0.051976799964904785,0.08362138271331787,123,143
2,0.44982749223709106,0.014066733419895172,0.056139931082725525,123,144
2,0.4833836257457733,0.08189448714256287,0.13602972030639648,123,145
2,0.47236377000808716,0.015004947781562805,0.08265157043933868,123,146
2,0.3864261209964752,0.024201035499572754,0.04087817668914795,123,147
2,0.3737984597682953,0.08892202377319336,0.05866539478302002,123,148
2,0.43012064695358276,0.08601218461990356,0.079750657081604,123,149
2,0.47110241651535034,0.12430894374847412,0.1603071689605713,123,150
2,0.48310402035713196,0.05325326323509216,0.06157267093658447,123,151
2,0.41707274317741394,0.0653458833694458,0.037460148334503174,123,152
2,0.37632763385772705,0.007135868072509766,0.03949594497680664,123,153
2,0.4154422879219055,0.022834599018096924,0.022888392210006714,123,154
2,0.46789148449897766,0.09219862520694733,0.05951052904129028,123,155
2,0.472809374332428,0.06149211525917053,0.1018417477607727,123,156
2,0.44058823585510254,0.1871018260717392,0.12166103720664978,123,157
2,0.3715454936027527,0.014821887016296387,0.019782185554504395,123,158
2,0.3987627923488617,0.05582517385482788,0.03244352340698242,123,159
2,0.4652358591556549,0.06357251107692719,0.0035672634840011597,123,160
2,0.4828404188156128,0.044789642095565796,0.0887397825717926,123,161
2,0.45706087350845337,0.17932067811489105,0.10607535392045975,123,162
2,0.3722454309463501,0.12528455257415771,0.10342216491699219,123,163
2,0.38848423957824707,0.11138498783111572,0.07886886596679688,123,164
2,0.445067822933197,0.12863050401210785,0.07605323940515518,123,165
2,0.47791871428489685,0.1699177324771881,0.11248055100440979,123,166
2,0.45981425046920776,0.03859557956457138,0.07639949023723602,123,167
2,0.3851914703845978,0.041634976863861084,0.028364896774291992,123,168
2,0.376482218503952,0.0360640287399292,0.05627429485321045,123,169
2,0.42638418078422546,0.010021597146987915,0.06092742085456848,123,170
2,0.47539862990379333,0.07671788334846497,0.042043328285217285,123,171
2,0.485970675945282,0.04884982109069824,0.03477397561073303,123,172
2,0.4150541424751282,0.15213912725448608,0.09012532234191895,123,173
2,0.36541593074798584,0.022228479385375977,0.008706808090209961,123,174
2,0.4061196446418762,0.08339798450469971,0.06066972017288208,123,175
2,0.4671265184879303,0.10527792572975159,0.022840231657028198,123,176
2,0.48973432183265686,0.037842750549316406,0.08985787630081177,123,177
2,0.4400688409805298,0.08497020602226257,0.05854913592338562,123,178
2,0.3697308301925659,0.1138225793838501,0.13249123096466064,123,179
2,0.3904353082180023,0.1469932198524475,0.1387156844139099,123,180
2,0.44875368475914,0.17301350831985474,0.07041490823030472,123,181
2,0.48615238070487976,0.1150953471660614,0.19330266118049622,123,182
2,0.4571361243724823,0.0356890894472599,0.004832502454519272,123,183
2,0.3868204653263092,0.055321455001831055,0.02461373805999756,123,184
2,0.3919353485107422,0.05296748876571655,0.062384843826293945,123,185
2,0.4415208101272583,0.0800621509552002,0.11506703495979309,123,186
0,0.37384355068206787,0.1500157117843628,0.13026165962219238,123,187
0,0.350616455078125,0.12433910369873047,0.0473400354385376,123,188
0,0.3684154152870178,0.06352567672729492,0.09992468357086182,123,189
0,0.4097760319709778,0.0376051664352417,0.05606049299240112,123,190
0,0.46166759729385376,0.015145011246204376,0.008332468569278717,123,191
0,0.4920521080493927,0.0017625093460083008,0.007234156131744385,123,192
0,0.5072038173675537,0.040659427642822266,0.018194079399108887,123,193
0,0.5044916868209839,0.06463271379470825,0.09176933765411377,123,194
0,0.46322816610336304,0.07085689902305603,0.033704496920108795,123,195
0,0.3708082437515259,0.15500521659851074,0.13006174564361572,123,196
0,0.34855926036834717,0.04503130912780762,0.03713226318359375,123,197
0,0.3692862391471863,0.03381538391113281,0.007142305374145508,123,198
0,0.4170517325401306,0.07559388875961304,0.0030199289321899414,123,199
0,0.40892133116722107,0.10607229173183441,0.01479831337928772,456,0
0,0.42739954590797424,0.048761069774627686,0.04849708080291748,456,1
0,0.4311261773109436,0.07132792472839355,0.069091796875,456,2
0,0.42894870042800903,0.05350834131240845,0.10238146781921387,456,3
0,0.38917726278305054,0.1795024871826172,0.08168627321720123,456,4
0,0.2980336844921112,0.11241400241851807,0.0879220962524414,456,5
0,0.2734137177467346,0.032245516777038574,0.13262557983398438,456,6
0,0.2880247235298157,0.16250836849212646,0.12378644943237305,456,7
0,0.34383565187454224,0.04892730712890625,0.03470420837402344,456,8
0,0.3842884302139282,0.035459328442811966,0.003693666309118271,456,9
0,0.4292086064815521,0.017340540885925293,0.1529635787010193,456,10
0,0.43359896540641785,0.0010907649993896484,0.0859137773513794,456,11
0,0.42531701922416687,0.12043201923370361,0.034958481788635254,456,12
0,0.38681939244270325,0.12931205332279205,0.04690682142972946,456,13
0,0.2976524233818054,0.02609395980834961,0.00524294376373291,456,14
0,0.2749677002429962,0.01902949810028076,0.0693742036819458,456,15
0,0.3008597493171692,0.048642873764038086,0.008459687232971191,456,16
0,0.32402274012565613,0.11414659023284912,0.13942766189575195,456,17
0,0.36279916763305664,0.11317196488380432,0.18200460076332092,456,18
0,0.425584614276886,0.09410309791564941,0.011700987815856934,456,19
0,0.4329741597175598,0.01317894458770752,0.04691922664642334,456,20
0,0.43114981055259705,0.0005640983581542969,0.017681419849395752,456,21
0,0.37641391158103943,0.12285072356462479,0.02991979569196701,456,22
0,0.29794201254844666,0.0493617057800293,0.010922431945800781,456,23
0,0.2826436161994934,0.04884672164916992,0.1090998649597168,456,24
0,0.2909403145313263,0.10663235187530518,0.05693995952606201,456,25
0,0.3260918855667114,0.07436424493789673,0.10389173030853271,456,26
0,0.37060415744781494,0.030721545219421387,0.027175575494766235,456,27
0,0.42870455980300903,0.0958395004272461,0.19676023721694946,456,28
0,0.4325408339500427,0.08499479293823242,0.1534658670425415,456,29
0,0.43245404958724976,0.057460010051727295,0.017215967178344727,456,30
0,0.40565943717956543,0.1197090595960617,0.06897883117198944,456,31
0,0.31311842799186707,0.17460507154464722,0.09301817417144775,456,32
0,0.28330904245376587,0.09717929363250732,0.144944429397583,456,33
0,0.2860020399093628,0.145896315574646,0.10767817497253418,456,34
0,0.3150729238986969,0.1297261118888855,0.1280534267425537,456,35
0,0.3884238302707672,0.09060630202293396,0.03886372596025467,456,36
0,0.4182870090007782,0.03277146816253662,0.07185548543930054,456,37
0,0.4328257739543915,0.05422431230545044,0.12677669525146484,456,38
0,0.4333133101463318,0.048528313636779785,0.0047414302825927734,456,39
0,0.4153963327407837,0.04526761174201965,0.02086663246154785,456,40
0,0.32673409581184387,0.11048024892807007,0.02364128828048706,456,41
0,0.28114885091781616,0.02437746524810791,0.08507776260375977,456,42
0,0.28039446473121643,0.02451944351196289,0.08897590637207031,456,43
0,0.3087902069091797,0.029574275016784668,0.021695494651794434,456,44
0,0.3793058693408966,0.020142674446105957,0.029782548546791077,456,45
0,0.42201483249664307,0.03757351636886597,0.12682420015335083,456,46
0,0.42611265182495117,0.014700114727020264,0.030176639556884766,456,47
0,0.4314214587211609,0.10689342021942139,0.11043679714202881,456,48
0,0.41624176502227783,0.07493990659713745,0.04034757614135742,456,49
0,0.3247826099395752,0.14385449886322021,0.08561527729034424,456,50
0,0.28680673241615295,0.06732070446014404,0.012715339660644531,456,51
0,0.2949940264225006,0.04466259479522705,0.06375694274902344,456,52
0,0.3184356391429901,0.07005447149276733,0.034696757793426514,456,53
0,0.369590163230896,0.05576275289058685,0.00821751356124878,456,54
0,0.41364240646362305,0.08828866481781006,0.0608881413936615,456,55
0,0.4265677332878113,0.11482137441635132,0.10075867176055908,456,56
0,0.433289110660553,0.054404377937316895,0.01074528694152832,456,57
0,0.42347556352615356,0.10356009006500244,0.042966365814208984,456,58
1,0.305353045463562,0.021226048469543457,0.07159924507141113,456,59
1,0.43106698989868164,0.21348100900650024,0.013798654079437256,456,60
1,0.41930991411209106,0.042353153228759766,0.157967209815979,456,61
1,0.3073611259460449,0.14507722854614258,0.05785930156707764,456,62
1,0.4205625355243683,0.2294880449771881,0.04620552062988281,456,63
1,0.4194309115409851,0.19507241249084473,0.22771859169006348,456,64
1,0.3150256276130676,0.2755848169326782,0.014125466346740723,456,65
1,0.40451931953430176,0.10279503464698792,0.04798845946788788,456,66
1,0.4173178970813751,0.10372161865234375,0.09114861488342285,456,67
1,0.3559354841709137,0.48542696237564087,0.079505056142807,456,68
1,0.3854852318763733,0.24512100219726562,0.1082058995962143,456,69
1,0.42611199617385864,0.04443621635437012,0.00935971736907959,456,70
1,0.3771653473377228,0.4802948832511902,0.1167205274105072,456,71
1,0.36544862389564514,0.19325219094753265,0.0567554235458374,456,72
1,0.43003442883491516,0.15209448337554932,0.04506790637969971,456,73
1,0.4263426661491394,0.2633540630340576,0.03892570734024048,456,74
1,0.3291577994823456,0.15557366609573364,0.0944247841835022,456,75
1,0.433141827583313,0.18998372554779053,0.06770920753479004,456,76
1,0.42573532462120056,0.21364867687225342,0.06575608253479004,456,77
1,0.3157808780670166,0.13881802558898926,0.08734065294265747,456,78
1,0.4334185719490051,0.11585783958435059,0.013950943946838379,456,79
1,0.42056554555892944,0.08198201656341553,0.1097719669342041,456,80
1,0.31240078806877136,0.03627574443817139,0.011608600616455078,456,81
1,0.43268853425979614,0.1502131223678589,0.029446542263031006,456,82
1,0.4236934185028076,0.003437042236328125,0.1001744270324707,456,83
1,0.3009723126888275,0.10699057579040527,0.15261340141296387,456,84
1,0.42917105555534363,0.10864335298538208,0.07145988941192627,456,85
1,0.41801270842552185,0.14885258674621582,0.23639416694641113,456,86
1,0.31596842408180237,0.16039615869522095,0.08822488784790039,456,87
1,0.4158267378807068,0.2255021035671234,0.12784725427627563,456,88
1,0.41994398832321167,0.038001179695129395,0.06339621543884277,456,89
1,0.30747151374816895,0.20730721950531006,0.017074108123779297,456,90
1,0.4127613604068756,0.07463335990905762,0.17223694920539856,456,91
1,0.42405614256858826,0.1241525411605835,0.13135278224945068,456,92
1,0.36558079719543457,0.5135746002197266,0.12372489273548126,456,93
1,0.38793128728866577,0.12034869939088821,0.06440597772598267,456,94
1,0.42685019969940186,0.17579436302185059,0.09975695610046387,456,95
1,0.4261314272880554,0.4002133011817932,0.12069827318191528,456,96
1,0.365690678358078,0.20378780364990234,0.09548909962177277,456,97
1,0.4286324083805084,0.1128687858581543,0.005200028419494629,456,98
1,0.4298107624053955,0.45685696601867676,0.2638591527938843,456,99
1,0.33229097723960876,0.06185197830200195,0.003432631492614746,456,100
1,0.433014452457428,0.21596205234527588,0.14047157764434814,456,101
1,0.4188481271266937,0.1607152223587036,0.03941023349761963,456,102
1,0.32505080103874207,0.03759044408798218,0.007646322250366211,456,103
1,0.4332786798477173,0.055078864097595215,0.07074916362762451,456,104
1,0.4290860891342163,0.10848915576934814,0.034270644187927246,456,105
1,0.3032151460647583,0.1530415415763855,0.12355023622512817,456,106
1,0.43366944789886475,0.14250624179840088,0.05574166774749756,456,107
1,0.42172732949256897,0.06512904167175293,0.018048882484436035,456,108
1,0.30053824186325073,0.03232693672180176,0.12314176559448242,456,109
1,0.4293127954006195,0.07501310110092163,0.15211182832717896,456,110
1,0.41987425088882446,0.05364799499511719,0.019405364990234375,456,111
1,0.31853342056274414,0.20006251335144043,0.006362795829772949,456,112
1,0.4149560034275055,0.2637803554534912,0.06562197208404541,456,113
1,0.4203091859817505,0.013379335403442383,0.05636036396026611,456,114
1,0.33914047479629517,0.34105750918388367,0.050525963306427,456,115
1,0.39119815826416016,0.06654351949691772,0.02908271551132202,456,116
1,0.42246025800704956,0.14255082607269287,0.12915575504302979,456,117
1,0.3903234302997589,0.43186357617378235,0.029310666024684906,456,118
1,0.3716261386871338,0.12341803312301636,0.014763280749320984,456,119
1,0.4276590347290039,0.07219302654266357,0.1069793701171875,456,120
1,0.39939647912979126,0.5244867205619812,0.15746046602725983,456,121
1,0.36209386587142944,0.1664174497127533,0.059185564517974854,456,122
2,0.3739185333251953,0.1647532433271408,0.15406325459480286,456,123
2,0.42688626050949097,0.061743319034576416,0.16915631294250488,456,124
2,0.4014137089252472,0.09311912953853607,0.03165525197982788,456,125
2,0.3070039749145508,0.06657624244689941,0.02157127857208252,456,126
2,0.3142615556716919,0.029171109199523926,0.0009235739707946777,456,127
2,0.37238824367523193,0.018671497702598572,0.06507816910743713,456,128
2,0.42066189646720886,0.08711984753608704,0.1633671224117279,456,129
2,0.40131765604019165,0.0345914363861084,0.1012246161699295,456,130
2,0.3177766799926758,0.12855243682861328,0.0708160400390625,456,131
2,0.2992098331451416,0.09411942958831787,0.060148000717163086,456,132
2,0.35222384333610535,0.12038561701774597,0.075781911611557,456,133
2,0.38771283626556396,0.1551162749528885,0.17506027221679688,456,134
2,0.4182668626308441,0.09006127715110779,0.08178243041038513,456,135
2,0.3560180068016052,0.22218051552772522,0.10132265090942383,456,136
2,0.2944582998752594,0.0612339973449707,0.039945006370544434,456,137
2,0.32645416259765625,0.09116941690444946,0.07467496395111084,456,138
2,0.3945469260215759,0.15930721163749695,0.12520596385002136,456,139
2,0.4222242832183838,0.03808215260505676,0.036629438400268555,456,140
2,0.36578214168548584,0.060795679688453674,0.14951203763484955,456,141
2,0.30994921922683716,0.042669713497161865,0.028803765773773193,456,142
2,0.31459516286849976,0.051976799964904785,0.07611453533172607,456,143
2,0.38738763332366943,0.014066733419895172,0.05129435658454895,456,144
2,0.41674259305000305,0.08189448714256287,0.1310105323791504,456,145
2,0.3915247917175293,0.015004947781562805,0.08600126206874847,456,146
2,0.3094050884246826,0.024201035499572754,0.035004496574401855,456,147
2,0.3024502694606781,0.08892202377319336,0.0650324821472168,456,148
2,0.3582213521003723,0.08601218461990356,0.08923175930976868,456,149
2,0.39440175890922546,0.12430894374847412,0.16437171399593353,456,150
2,0.41656893491744995,0.05325326323509216,0.05354785919189453,456,151
2,0.33408626914024353,0.0653458833694458,0.03277319669723511,456,152
2,0.3047713339328766,0.007135868072509766,0.03566253185272217,456,153
2,0.34770894050598145,0.022834599018096924,0.014490365982055664,456,154
2,0.3962559103965759,0.09219862520694733,0.06133505702018738,456,155
2,0.40235549211502075,0.06149211525917053,0.11151845753192902,456,156
2,0.36424243450164795,0.1871018260717392,0.11817097663879395,456,157
2,0.29892298579216003,0.014821887016296387,0.020230889320373535,456,158
2,0.3275722861289978,0.05582517385482788,0.042769789695739746,456,159
2,0.40116429328918457,0.06357251107692719,0.0020619332790374756,456,160
2,0.4168146252632141,0.044789642095565796,0.08300995826721191,456,161
2,0.3815563917160034,0.17932067811489105,0.0991627424955368,456,162
2,0.2994988262653351,0.12528455257415771,0.10675740242004395,456,163
2,0.3156421184539795,0.11138498783111572,0.08905857801437378,456,164
2,0.3810492157936096,0.12863050401210785,0.08122166991233826,456,165
2,0.4159141182899475,0.1699177324771881,0.11620819568634033,456,166
2,0.3804435431957245,0.03859557956457138,0.08312621712684631,456,167
2,0.31038105487823486,0.041634976863861084,0.02465033531188965,456,168
2,0.3043970763683319,0.0360640287399292,0.05041801929473877,456,169
2,0.364743709564209,0.010021597146987915,0.05673736333847046,456,170
2,0.4056951701641083,0.07671788334846497,0.046066612005233765,456,171
2,0.41779226064682007,0.04884982109069824,0.04220086336135864,456,172
2,0.3411737382411957,0.15213912725448608,0.09083795547485352,456,173
2,0.2938176989555359,0.022228479385375977,0.009903430938720703,456,174
2,0.3360099196434021,0.08339798450469971,0.07045352458953857,456,175
2,0.4038061499595642,0.10527792572975159,0.025189220905303955,456,176
2,0.4245802164077759,0.037842750549316406,0.08424901962280273,456,177
2,0.3523390293121338,0.08497020602226257,0.05147957801818848,456,178
2,0.2993803322315216,0.1138225793838501,0.1343921422958374,456,179
2,0.31609010696411133,0.1469932198524475,0.14783424139022827,456,180
2,0.3914805054664612,0.17301350831985474,0.06818906217813492,456,181
2,0.42579227685928345,0.1150953471660614,0.19320806860923767,456,182
2,0.3853548765182495,0.0356890894472599,0.00916721299290657,456,183
2,0.31183406710624695,0.055321455001831055,0.027094721794128418,456,184
2,0.3178271949291229,0.05296748876571655,0.05532890558242798,456,185
2,0.37423214316368103,0.0800621509552002,0.10753363370895386,456,186
0,0.30065077543258667,0.1500157117843628,0.1315135955810547,456,187
0,0.2817870080471039,0.12433910369873047,0.05533182621002197,456,188
0,0.2966760993003845,0.06352567672729492,0.08689725399017334,456,189
0,0.3394216299057007,0.0376051664352417,0.04492729902267456,456,190
0,0.3961440622806549,0.015145011246204376,0.001407228410243988,456,191
0,0.4211919903755188,0.0017625093460083008,0.01930755376815796,456,192
0,0.4324222803115845,0.040659427642822266,0.03306424617767334,456,193
0,0.43157804012298584,0.06463271379470825,0.10692203044891357,456,194
0,0.38630348443984985,0.07085689902305603,0.04118989035487175,456,195
0,0.29839256405830383,0.15500521659851074,0.13409459590911865,456,196
0,0.2783174514770508,0.04503130912780762,0.029076457023620605,456,197
0,0.29709577560424805,0.03381538391113281,0.02000141143798828,456,198
0,0.35153019428253174,0.07559388875961304,0.012446373701095581,456,199
