Model,Seed,step,max_abs_jacobian_difference,analytic_spectral_norm,autograd_spectral_norm,spectral_difference
C_fuzzy_contractive,42,0,1.862645149230957e-09,0.6848974227905273,0.6849029660224915,5.543231964111328e-06
C_fuzzy_contractive,42,434,5.960464477539063e-08,0.6399089694023132,0.6399078965187073,1.0728836059570312e-06
C_fuzzy_contractive,42,869,1.862645149230957e-09,0.6018981337547302,0.6018980145454407,1.1920928955078125e-07
C_fuzzy_contractive,42,1304,1.862645149230957e-09,0.6119893789291382,0.6119905710220337,1.1920928955078125e-06
C_fuzzy_contractive,42,1738,1.862645149230957e-09,0.7140500545501709,0.7140477895736694,2.2649765014648438e-06
C_fuzzy_contractive,42,2173,1.862645149230957e-09,0.6419750452041626,0.6419751048088074,5.960464477539063e-08
C_fuzzy_contractive,42,2608,5.960464477539063e-08,0.6278308033943176,0.6278332471847534,2.4437904357910156e-06
C_fuzzy_contractive,42,3043,1.862645149230957e-09,0.6562166810035706,0.6562144756317139,2.205371856689453e-06
C_fuzzy_contractive,42,3477,1.862645149230957e-09,0.6810898780822754,0.6810891032218933,7.748603820800781e-07
C_fuzzy_contractive,42,3912,1.862645149230957e-09,0.6594032645225525,0.6594052314758301,1.9669532775878906e-06
C_fuzzy_contractive,42,4347,1.862645149230957e-09,0.6493648290634155,0.6493639945983887,8.344650268554688e-07
C_fuzzy_contractive,42,4782,1.862645149230957e-09,0.71335768699646,0.7133549451828003,2.7418136596679688e-06
C_fuzzy_contractive,42,5216,1.862645149230957e-09,0.6558588147163391,0.6558584570884705,3.5762786865234375e-07
C_fuzzy_contractive,42,5651,1.862645149230957e-09,0.6133844256401062,0.6133837699890137,6.556510925292969e-07
C_fuzzy_contractive,42,6086,1.862645149230957e-09,0.5970540642738342,0.5970507264137268,3.337860107421875e-06
C_fuzzy_contractive,42,6521,1.862645149230957e-09,0.6664948463439941,0.6664925217628479,2.3245811462402344e-06
C_fuzzy_contractive,42,6955,1.862645149230957e-09,0.7029730677604675,0.7029709815979004,2.086162567138672e-06
C_fuzzy_contractive,42,7390,1.862645149230957e-09,0.64484041929245,0.6448414921760559,1.0728836059570312e-06
C_fuzzy_contractive,42,7825,5.960464477539063e-08,0.6870850920677185,0.687085747718811,6.556510925292969e-07
C_fuzzy_contractive,42,8260,1.862645149230957e-09,0.7044488191604614,0.7044426798820496,6.139278411865234e-06
C_fuzzy_contractive,42,8694,5.960464477539063e-08,0.703916609287262,0.7039127945899963,3.814697265625e-06
C_fuzzy_contractive,42,9129,1.862645149230957e-09,0.6595723628997803,0.6595723628997803,0.0
C_fuzzy_contractive,42,9564,1.862645149230957e-09,0.6641420125961304,0.6641416549682617,3.5762786865234375e-07
C_fuzzy_contractive,42,9999,1.862645149230957e-09,0.676351010799408,0.6763507127761841,2.980232238769531e-07
D_fuzzy_unconstrained,42,0,5.960464477539063e-08,1.131066918373108,1.1310704946517944,3.5762786865234375e-06
D_fuzzy_unconstrained,42,434,5.960464477539063e-08,1.0438783168792725,1.043876051902771,2.2649765014648438e-06
D_fuzzy_unconstrained,42,869,5.960464477539063e-08,1.0327454805374146,1.0327458381652832,3.5762786865234375e-07
D_fuzzy_unconstrained,42,1304,5.960464477539063e-08,1.0198113918304443,1.0198087692260742,2.6226043701171875e-06
D_fuzzy_unconstrained,42,1738,5.960464477539063e-08,1.0400474071502686,1.0400476455688477,2.384185791015625e-07
D_fuzzy_unconstrained,42,2173,5.960464477539063e-08,1.042708396911621,1.0427069664001465,1.430511474609375e-06
D_fuzzy_unconstrained,42,2608,5.960464477539063e-08,1.0385165214538574,1.0385229587554932,6.4373016357421875e-06
D_fuzzy_unconstrained,42,3043,1.4901161193847656e-08,1.0499491691589355,1.0499452352523804,3.933906555175781e-06
D_fuzzy_unconstrained,42,3477,5.960464477539063e-08,1.0376487970352173,1.0376464128494263,2.384185791015625e-06
D_fuzzy_unconstrained,42,3912,7.450580596923828e-09,1.0279666185379028,1.0279651880264282,1.430511474609375e-06
D_fuzzy_unconstrained,42,4347,5.960464477539063e-08,1.0446465015411377,1.0446488857269287,2.384185791015625e-06
D_fuzzy_unconstrained,42,4782,5.960464477539063e-08,1.0413119792938232,1.0413155555725098,3.5762786865234375e-06
D_fuzzy_unconstrained,42,5216,5.960464477539063e-08,1.0492810010910034,1.049280047416687,9.5367431640625e-07
D_fuzzy_unconstrained,42,5651,7.450580596923828e-09,1.0200135707855225,1.0200157165527344,2.1457672119140625e-06
D_fuzzy_unconstrained,42,6086,1.4901161193847656e-08,1.017543911933899,1.0175426006317139,1.3113021850585938e-06
D_fuzzy_unconstrained,42,6521,5.960464477539063e-08,1.05259370803833,1.0525941848754883,4.76837158203125e-07
D_fuzzy_unconstrained,42,6955,5.960464477539063e-08,1.0344879627227783,1.034487247467041,7.152557373046875e-07
D_fuzzy_unconstrained,42,7390,5.960464477539063e-08,1.0502382516860962,1.050236701965332,1.5497207641601562e-06
D_fuzzy_unconstrained,42,7825,5.960464477539063e-08,1.0456687211990356,1.0456644296646118,4.291534423828125e-06
D_fuzzy_unconstrained,42,8260,5.960464477539063e-08,1.0419312715530396,1.0419330596923828,1.7881393432617188e-06
D_fuzzy_unconstrained,42,8694,5.960464477539063e-08,1.0422745943069458,1.0422745943069458,0.0
D_fuzzy_unconstrained,42,9129,5.960464477539063e-08,1.0469814538955688,1.046982765197754,1.3113021850585938e-06
D_fuzzy_unconstrained,42,9564,5.960464477539063e-08,1.0537915229797363,1.0537915229797363,0.0
D_fuzzy_unconstrained,42,9999,5.960464477539063e-08,1.0499303340911865,1.0499329566955566,2.6226043701171875e-06
C_fuzzy_contractive,123,0,1.862645149230957e-09,0.6385987401008606,0.6385989785194397,2.384185791015625e-07
C_fuzzy_contractive,123,434,1.862645149230957e-09,0.5675197243690491,0.5675218105316162,2.086162567138672e-06
C_fuzzy_contractive,123,869,3.725290298461914e-09,0.5487895607948303,0.5487900376319885,4.76837158203125e-07
C_fuzzy_contractive,123,1304,3.725290298461914e-09,0.5510491132736206,0.55104660987854,2.5033950805664062e-06
C_fuzzy_contractive,123,1738,1.862645149230957e-09,0.6694271564483643,0.6694269180297852,2.384185791015625e-07
C_fuzzy_contractive,123,2173,1.862645149230957e-09,0.5700534582138062,0.5700530409812927,4.172325134277344e-07
C_fuzzy_contractive,123,2608,1.862645149230957e-09,0.5580831170082092,0.5580834746360779,3.5762786865234375e-07
C_fuzzy_contractive,123,3043,1.862645149230957e-09,0.5923143625259399,0.5923115015029907,2.86102294921875e-06
C_fuzzy_contractive,123,3477,1.862645149230957e-09,0.6280477643013,0.628046452999115,1.3113021850585938e-06
C_fuzzy_contractive,123,3912,5.960464477539063e-08,0.5922427773475647,0.5922430157661438,2.384185791015625e-07
C_fuzzy_contractive,123,4347,1.862645149230957e-09,0.5784928798675537,0.5784943103790283,1.430511474609375e-06
C_fuzzy_contractive,123,4782,3.725290298461914e-09,0.6690866947174072,0.66908860206604,1.9073486328125e-06
C_fuzzy_contractive,123,5216,5.960464477539063e-08,0.591560959815979,0.5915612578392029,2.980232238769531e-07
C_fuzzy_contractive,123,5651,3.725290298461914e-09,0.5548623204231262,0.5548633337020874,1.0132789611816406e-06
C_fuzzy_contractive,123,6086,3.725290298461914e-09,0.5520129203796387,0.5520145893096924,1.6689300537109375e-06
C_fuzzy_contractive,123,6521,5.960464477539063e-08,0.6065288186073303,0.6065280437469482,7.748603820800781e-07
C_fuzzy_contractive,123,6955,1.862645149230957e-09,0.6594117283821106,0.6594114899635315,2.384185791015625e-07
C_fuzzy_contractive,123,7390,1.862645149230957e-09,0.5753462314605713,0.5753454566001892,7.748603820800781e-07
C_fuzzy_contractive,123,7825,1.862645149230957e-09,0.6409014463424683,0.6409027576446533,1.3113021850585938e-06
C_fuzzy_contractive,123,8260,1.862645149230957e-09,0.6630744934082031,0.6630746722221375,1.7881393432617188e-07
C_fuzzy_contractive,123,8694,5.960464477539063e-08,0.6600139737129211,0.6600169539451599,2.9802322387695312e-06
C_fuzzy_contractive,123,9129,1.862645149230957e-09,0.6006554365158081,0.6006548404693604,5.960464477539062e-07
C_fuzzy_contractive,123,9564,1.862645149230957e-09,0.6059256196022034,0.6059264540672302,8.344650268554688e-07
C_fuzzy_contractive,123,9999,1.862645149230957e-09,0.6277639865875244,0.6277590394020081,4.947185516357422e-06
D_fuzzy_unconstrained,123,0,2.9802322387695312e-08,1.1219658851623535,1.121964454650879,1.430511474609375e-06
D_fuzzy_unconstrained,123,434,2.9802322387695312e-08,1.032354474067688,1.0323538780212402,5.960464477539062e-07
D_fuzzy_unconstrained,123,869,1.4901161193847656e-08,1.0575637817382812,1.0575617551803589,2.0265579223632812e-06
D_fuzzy_unconstrained,123,1304,1.4901161193847656e-08,1.053485631942749,1.0534883737564087,2.7418136596679688e-06
D_fuzzy_unconstrained,123,1738,1.4901161193847656e-08,1.0532631874084473,1.05326509475708,1.9073486328125e-06
D_fuzzy_unconstrained,123,2173,5.960464477539063e-08,1.119346022605896,1.1193441152572632,1.9073486328125e-06
D_fuzzy_unconstrained,123,2608,5.960464477539063e-08,1.034224510192871,1.0342258214950562,1.3113021850585938e-06
D_fuzzy_unconstrained,123,3043,5.960464477539063e-08,1.1136168241500854,1.113618016242981,1.1920928955078125e-06
D_fuzzy_unconstrained,123,3477,1.4901161193847656e-08,1.0308170318603516,1.0308171510696411,1.1920928955078125e-07
D_fuzzy_unconstrained,123,3912,5.960464477539063e-08,1.0554661750793457,1.0554667711257935,5.960464477539062e-07
D_fuzzy_unconstrained,123,4347,5.960464477539063e-08,1.1159050464630127,1.1159045696258545,4.76837158203125e-07
D_fuzzy_unconstrained,123,4782,1.4901161193847656e-08,1.059558391571045,1.0595606565475464,2.2649765014648438e-06
D_fuzzy_unconstrained,123,5216,5.960464477539063e-08,1.1139663457870483,1.1139637231826782,2.6226043701171875e-06
D_fuzzy_unconstrained,123,5651,2.9802322387695312e-08,1.0876719951629639,1.0876706838607788,1.3113021850585938e-06
D_fuzzy_unconstrained,123,6086,2.9802322387695312e-08,1.071964979171753,1.0719637870788574,1.1920928955078125e-06
D_fuzzy_unconstrained,123,6521,1.4901161193847656e-08,1.0848466157913208,1.084848403930664,1.7881393432617188e-06
D_fuzzy_unconstrained,123,6955,5.960464477539063e-08,1.0254697799682617,1.0254684686660767,1.3113021850585938e-06
D_fuzzy_unconstrained,123,7390,1.4901161193847656e-08,1.1130098104476929,1.1130083799362183,1.430511474609375e-06
D_fuzzy_unconstrained,123,7825,5.960464477539063e-08,1.0643558502197266,1.0643593072891235,3.4570693969726562e-06
D_fuzzy_unconstrained,123,8260,2.9802322387695312e-08,1.0218056440353394,1.0218077898025513,2.1457672119140625e-06
D_fuzzy_unconstrained,123,8694,5.960464477539063e-08,1.0238054990768433,1.0238041877746582,1.3113021850585938e-06
D_fuzzy_unconstrained,123,9129,5.960464477539063e-08,1.060800313949585,1.0607959032058716,4.410743713378906e-06
D_fuzzy_unconstrained,123,9564,5.960464477539063e-08,1.047178864479065,1.047179937362671,1.0728836059570312e-06
D_fuzzy_unconstrained,123,9999,1.4901161193847656e-08,1.062562108039856,1.0625628232955933,7.152557373046875e-07
C_fuzzy_contractive,456,0,1.862645149230957e-09,0.7078403830528259,0.7078408002853394,4.172325134277344e-07
C_fuzzy_contractive,456,434,1.862645149230957e-09,0.6305996775627136,0.6306037306785583,4.0531158447265625e-06
C_fuzzy_contractive,456,869,1.862645149230957e-09,0.6315420866012573,0.6315408945083618,1.1920928955078125e-06
C_fuzzy_contractive,456,1304,1.862645149230957e-09,0.6375727653503418,0.6375709176063538,1.8477439880371094e-06
C_fuzzy_contractive,456,1738,1.862645149230957e-09,0.7377611398696899,0.7377603650093079,7.748603820800781e-07
C_fuzzy_contractive,456,2173,1.862645149230957e-09,0.6334447264671326,0.63344407081604,6.556510925292969e-07
C_fuzzy_contractive,456,2608,1.862645149230957e-09,0.6276963949203491,0.627697229385376,8.344650268554688e-07
C_fuzzy_contractive,456,3043,5.960464477539063e-08,0.6563155651092529,0.6563153266906738,2.384185791015625e-07
C_fuzzy_contractive,456,3477,1.862645149230957e-09,0.6829636693000793,0.6829635500907898,1.1920928955078125e-07
C_fuzzy_contractive,456,3912,1.862645149230957e-09,0.6455426216125488,0.6455411314964294,1.4901161193847656e-06
C_fuzzy_contractive,456,4347,1.862645149230957e-09,0.6371710300445557,0.637170135974884,8.940696716308594e-07
C_fuzzy_contractive,456,4782,1.862645149230957e-09,0.7380740642547607,0.7380753755569458,1.3113021850585938e-06
C_fuzzy_contractive,456,5216,1.862645149230957e-09,0.6552756428718567,0.6552761793136597,5.364418029785156e-07
C_fuzzy_contractive,456,5651,1.862645149230957e-09,0.6322038769721985,0.6322043538093567,4.76837158203125e-07
C_fuzzy_contractive,456,6086,1.862645149230957e-09,0.6369345188140869,0.6369339823722839,5.364418029785156e-07
C_fuzzy_contractive,456,6521,1.862645149230957e-09,0.6651726365089417,0.6651726365089417,0.0
C_fuzzy_contractive,456,6955,1.862645149230957e-09,0.7292591333389282,0.729259729385376,5.960464477539062e-07
C_fuzzy_contractive,456,7390,5.960464477539063e-08,0.6414468288421631,0.6414462327957153,5.960464477539062e-07
C_fuzzy_contractive,456,7825,1.862645149230957e-09,0.7091448903083801,0.7091425061225891,2.384185791015625e-06
C_fuzzy_contractive,456,8260,1.862645149230957e-09,0.7359829545021057,0.7359805703163147,2.384185791015625e-06
C_fuzzy_contractive,456,8694,1.862645149230957e-09,0.7294386625289917,0.7294384837150574,1.7881393432617188e-07
C_fuzzy_contractive,456,9129,1.862645149230957e-09,0.6695502400398254,0.6695524454116821,2.205371856689453e-06
C_fuzzy_contractive,456,9564,1.862645149230957e-09,0.6709209680557251,0.6709190607070923,1.9073486328125e-06
C_fuzzy_contractive,456,9999,1.862645149230957e-09,0.6982640624046326,0.6982611417770386,2.9206275939941406e-06
D_fuzzy_unconstrained,456,0,5.960464477539063e-08,1.204568862915039,1.2045729160308838,4.0531158447265625e-06
D_fuzzy_unconstrained,456,434,1.4901161193847656e-08,1.0753463506698608,1.0753450393676758,1.3113021850585938e-06
D_fuzzy_unconstrained,456,869,5.960464477539063e-08,1.069181203842163,1.069181203842163,0.0
D_fuzzy_unconstrained,456,1304,1.4901161193847656e-08,1.0707882642745972,1.070784091949463,4.172325134277344e-06
D_fuzzy_unconstrained,456,1738,1.4901161193847656e-08,1.0493451356887817,1.0493396520614624,5.4836273193359375e-06
D_fuzzy_unconstrained,456,2173,5.960464477539063e-08,1.0707452297210693,1.0707414150238037,3.814697265625e-06
D_fuzzy_unconstrained,456,2608,5.960464477539063e-08,1.0755667686462402,1.075565218925476,1.5497207641601562e-06
D_fuzzy_unconstrained,456,3043,1.4901161193847656e-08,1.065243124961853,1.0652432441711426,1.1920928955078125e-07
D_fuzzy_unconstrained,456,3477,1.4901161193847656e-08,1.063280463218689,1.063275933265686,4.5299530029296875e-06
D_fuzzy_unconstrained,456,3912,1.4901161193847656e-08,1.0742850303649902,1.0742865800857544,1.5497207641601562e-06
D_fuzzy_unconstrained,456,4347,5.960464477539063e-08,1.0713999271392822,1.0714023113250732,2.384185791015625e-06
D_fuzzy_unconstrained,456,4782,5.960464477539063e-08,1.0489189624786377,1.0489104986190796,8.463859558105469e-06
D_fuzzy_unconstrained,456,5216,5.960464477539063e-08,1.0653952360153198,1.0653899908065796,5.245208740234375e-06
D_fuzzy_unconstrained,456,5651,1.4901161193847656e-08,1.0537662506103516,1.0537621974945068,4.0531158447265625e-06
D_fuzzy_unconstrained,456,6086,5.960464477539063e-08,1.0606238842010498,1.060624122619629,2.384185791015625e-07
D_fuzzy_unconstrained,456,6521,5.960464477539063e-08,1.0674703121185303,1.0674717426300049,1.430511474609375e-06
D_fuzzy_unconstrained,456,6955,1.4901161193847656e-08,1.0481576919555664,1.048155665397644,2.0265579223632812e-06
D_fuzzy_unconstrained,456,7390,5.960464477539063e-08,1.0687305927276611,1.068737268447876,6.67572021484375e-06
D_fuzzy_unconstrained,456,7825,5.960464477539063e-08,1.0535074472427368,1.0535149574279785,7.510185241699219e-06
D_fuzzy_unconstrained,456,8260,5.960464477539063e-08,1.0316963195800781,1.0316944122314453,1.9073486328125e-06
D_fuzzy_unconstrained,456,8694,5.960464477539063e-08,1.0330126285552979,1.033015489578247,2.86102294921875e-06
D_fuzzy_unconstrained,456,9129,1.4901161193847656e-08,1.0647026300430298,1.064699411392212,3.2186508178710938e-06
D_fuzzy_unconstrained,456,9564,5.960464477539063e-08,1.0641570091247559,1.064157247543335,2.384185791015625e-07
D_fuzzy_unconstrained,456,9999,1.4901161193847656e-08,1.0549118518829346,1.0549170970916748,5.245208740234375e-06
