Seed,Model,epoch,train_mse,val_mse,val_mae,epoch_time_sec
42,C_fuzzy_contractive,1,0.35726687833335663,0.07160746893882751,0.1888775032043457,12.192968339000004
42,C_fuzzy_contractive,2,0.03097639507551988,0.013718261480331421,0.08933051090240479,11.41307877099996
42,C_fuzzy_contractive,3,0.013165787200960849,0.011505995488166809,0.08327268676757812,10.774991413999999
42,C_fuzzy_contractive,4,0.011530101396971278,0.010459637665748596,0.08053583431243896,10.24581231000002
42,C_fuzzy_contractive,5,0.01053530840575695,0.009781706523895263,0.07816220397949218,10.869334697
42,C_fuzzy_contractive,6,0.009874577820301055,0.009212203311920165,0.0761372308731079,11.18121322899998
42,C_fuzzy_contractive,7,0.009446882810029719,0.008920777416229249,0.07560067386627198,11.097116836000055
42,C_fuzzy_contractive,8,0.009108391996886995,0.008537052369117736,0.0738023983001709,11.801762189999977
42,C_fuzzy_contractive,9,0.00882954704678721,0.008395759320259094,0.07304483413696289,11.192639190000023
42,C_fuzzy_contractive,10,0.008696706370347076,0.00836986768245697,0.07334061737060547,11.128454760000068
42,C_fuzzy_contractive,11,0.008431793271667428,0.008023653078079224,0.07172951602935791,10.781680238000035
42,C_fuzzy_contractive,12,0.008304188074337112,0.007942217540740967,0.071591184425354,10.153532598000083
42,C_fuzzy_contractive,13,0.008220500251485241,0.007888656044006348,0.07105790748596191,10.910331357000018
42,C_fuzzy_contractive,14,0.008181269371261199,0.007740578770637512,0.07040270099639892,11.28187304700009
42,C_fuzzy_contractive,15,0.00804549175583654,0.007824254417419433,0.07119211673736572,11.156216444999927
42,D_fuzzy_unconstrained,1,0.2956021022862858,0.05183495359420776,0.15731813697814942,9.245024560000047
42,D_fuzzy_unconstrained,2,0.023307249654912286,0.009213522553443909,0.07270270118713379,9.782594741000025
42,D_fuzzy_unconstrained,3,0.00940089711960819,0.006776117777824402,0.06468173656463623,9.68636514800005
42,D_fuzzy_unconstrained,4,0.007596534291903178,0.006979823040962219,0.06591870746612549,9.14614028599999
42,D_fuzzy_unconstrained,5,0.006738361913710833,0.005596219849586487,0.05875308418273926,9.221343950999994
42,D_fuzzy_unconstrained,6,0.006294322580099106,0.005725972986221313,0.05933479537963867,9.812957424000047
42,D_fuzzy_unconstrained,7,0.005953180952204598,0.00543635880947113,0.058379001235961916,9.820957540999984
42,D_fuzzy_unconstrained,8,0.005903410328345167,0.005357342076301575,0.05752530117034912,9.287539173000027
42,D_fuzzy_unconstrained,9,0.00574461266812351,0.006295501589775086,0.06262806777954101,9.116479241999969
42,D_fuzzy_unconstrained,10,0.005684343163751894,0.005141905927658081,0.056839099502563474,9.933287210999993
42,D_fuzzy_unconstrained,11,0.005562212805367179,0.006206284141540527,0.06311449565887452,9.912422576999916
42,D_fuzzy_unconstrained,12,0.005582972231010596,0.00519793393611908,0.057005868148803714,9.373648617999947
42,D_fuzzy_unconstrained,13,0.005589354890502161,0.005498532736301422,0.05874130687713623,8.842919587999972
42,D_fuzzy_unconstrained,14,0.005821420240319438,0.00519792046546936,0.05668166465759277,9.895986051000023
123,C_fuzzy_contractive,1,0.38765152547094556,0.06638549690246583,0.2051219741821289,12.0064288210001
123,C_fuzzy_contractive,2,0.027744034907884067,0.015109512877464294,0.09405508098602294,11.85869839299994
123,C_fuzzy_contractive,3,0.013351718477904796,0.011613189816474915,0.08441189441680909,11.81611697599999
123,C_fuzzy_contractive,4,0.011243896608137422,0.010212311363220214,0.07920744972229003,11.651716704000023
123,C_fuzzy_contractive,5,0.010264929733342594,0.0095803640127182,0.07776987419128419,11.802786138999977
123,C_fuzzy_contractive,6,0.009738319024443626,0.009071511197090149,0.07579861850738526,11.846718864999957
123,C_fuzzy_contractive,7,0.009340428098208375,0.008827328038215638,0.07485742568969726,11.680031001999964
123,C_fuzzy_contractive,8,0.009097081556916237,0.008711887526512146,0.07489544506072998,11.71468874499999
123,C_fuzzy_contractive,9,0.008836825395209922,0.008337658047676087,0.07303755130767822,11.024876737
123,C_fuzzy_contractive,10,0.008644052067564594,0.00827160108089447,0.07293184490203858,11.050176405000002
123,C_fuzzy_contractive,11,0.008590016605125534,0.008260410571098328,0.07253556385040283,11.383421868999903
123,C_fuzzy_contractive,12,0.008408770357569059,0.008037933325767518,0.07164911231994629,11.694223577000002
123,C_fuzzy_contractive,13,0.008285289892719852,0.007882709407806396,0.07107106285095215,11.647360811999988
123,C_fuzzy_contractive,14,0.008214544009003375,0.007851215147972107,0.07114828395843506,11.629306264999968
123,C_fuzzy_contractive,15,0.008118662308487627,0.007778643155097961,0.0704969711303711,11.82193190199996
123,D_fuzzy_unconstrained,1,0.3132895027862655,0.046157946968078616,0.15851469612121583,9.442787152999927
123,D_fuzzy_unconstrained,2,0.0246689027796189,0.014287918949127197,0.09347908325195313,10.077702325000018
123,D_fuzzy_unconstrained,3,0.009906201372130049,0.007718642568588257,0.06833723278045654,9.912387540000054
123,D_fuzzy_unconstrained,4,0.007323361322283744,0.006966543638706207,0.06534963722229004,9.166999225000154
123,D_fuzzy_unconstrained,5,0.006538694434695774,0.006601574206352234,0.06339999904632568,9.353153695000174
123,D_fuzzy_unconstrained,6,0.00638535491997997,0.0064374546766281125,0.06271257343292236,9.907073910999998
123,D_fuzzy_unconstrained,7,0.0061356377833419375,0.005956458628177643,0.06032377662658692,9.837501993999922
123,D_fuzzy_unconstrained,8,0.005902425787929031,0.005845585012435913,0.059862887573242186,9.415502619000108
123,D_fuzzy_unconstrained,9,0.005740288446346919,0.005549538004398346,0.05845427970886231,9.05121326099993
123,D_fuzzy_unconstrained,10,0.005726987625161807,0.006032755017280579,0.060758083534240725,9.874477851999927
123,D_fuzzy_unconstrained,11,0.005710084461089638,0.005485846102237702,0.05793547515869141,9.950229154999988
123,D_fuzzy_unconstrained,12,0.00558313040021393,0.005382493937015533,0.057818758201599124,9.502558782999813
123,D_fuzzy_unconstrained,13,0.0054013297934499055,0.005401623558998108,0.05794404525756836,8.662992533000079
123,D_fuzzy_unconstrained,14,0.005439937516839968,0.005720898258686066,0.0597369478225708,9.894700826999951
123,D_fuzzy_unconstrained,15,0.00542829977762368,0.005347931528091431,0.057528945922851564,9.833939707000127
456,C_fuzzy_contractive,1,0.4331015166838964,0.1374642086982727,0.2451773078918457,11.527560945000005
456,C_fuzzy_contractive,2,0.06591388699577914,0.019932507348060607,0.10084076557159424,11.675707612999986
456,C_fuzzy_contractive,3,0.017317285360561478,0.013778231739997863,0.08878105335235596,11.619140019000042
456,C_fuzzy_contractive,4,0.013404951684176922,0.011691777753829955,0.08384569149017335,11.616621951999832
456,C_fuzzy_contractive,5,0.011682664738761055,0.010603862977027893,0.0807565980911255,11.63768211599995
456,C_fuzzy_contractive,6,0.010613622012237707,0.00977487976551056,0.07805402889251709,11.852459729999964
456,C_fuzzy_contractive,7,0.009941304175390138,0.009340038561820984,0.07677677783966065,11.292385212
456,C_fuzzy_contractive,8,0.00948803923610184,0.008867123198509217,0.0750691463470459,11.024689197000043
456,C_fuzzy_contractive,9,0.009140334626866711,0.008659746074676514,0.07422518539428712,11.407307001999925
456,C_fuzzy_contractive,10,0.008877985001024272,0.00837465946674347,0.07329649829864501,11.628461607999952
456,C_fuzzy_contractive,11,0.008660961403614945,0.008226902151107787,0.0726363073348999,11.755165532999854
456,C_fuzzy_contractive,12,0.008482895776629447,0.008105481719970702,0.07227376384735107,11.817456584999945
456,C_fuzzy_contractive,13,0.008378463917722305,0.007956217908859253,0.07160138912200928,11.807349348999878
456,C_fuzzy_contractive,14,0.008251297955297762,0.008029897499084473,0.07206009216308594,11.707831424000005
456,C_fuzzy_contractive,15,0.008144105435245567,0.007771325516700745,0.07069101676940918,11.694764049000014
456,D_fuzzy_unconstrained,1,0.3413212712672022,0.06737786736488342,0.1782075843811035,9.762300316000164
456,D_fuzzy_unconstrained,2,0.04515810284515222,0.02269044532775879,0.10651680374145509,9.82137621600009
456,D_fuzzy_unconstrained,3,0.022523785778217845,0.014772463130950928,0.08643168716430664,9.242388592999987
456,D_fuzzy_unconstrained,4,0.01647794338232941,0.01110175392627716,0.07870288257598877,9.072735011000077
456,D_fuzzy_unconstrained,5,0.012403527301218775,0.008774322319030761,0.0696796106338501,9.884689914000091
456,D_fuzzy_unconstrained,6,0.00973119995660252,0.007173947477340698,0.06508353099822999,9.796955780999951
456,D_fuzzy_unconstrained,7,0.008472993749297327,0.006584165835380554,0.06318119525909424,9.459624485999939
456,D_fuzzy_unconstrained,8,0.007776271291491058,0.0062191026449203496,0.06168300342559815,8.695184228000016
456,D_fuzzy_unconstrained,9,0.007052086325155364,0.00591183351278305,0.06052675838470459,9.772666790999892
456,D_fuzzy_unconstrained,10,0.0068633226056893665,0.005710242986679077,0.059547728729248045,9.86223650199986
456,D_fuzzy_unconstrained,11,0.006463133844650454,0.005790757870674133,0.060241605758666994,9.603962823000074
456,D_fuzzy_unconstrained,12,0.00651224233996537,0.005666026151180267,0.0595692943572998,8.778770142999974
456,D_fuzzy_unconstrained,13,0.006134760655462742,0.0054944603800773624,0.05906041259765625,9.823176525000008
456,D_fuzzy_unconstrained,14,0.006122468863096502,0.005404506826400757,0.05838057689666748,9.749573288000192
456,D_fuzzy_unconstrained,15,0.006143739392567012,0.005440158343315124,0.05830223941802978,9.59541734000004
